total_pkts,target_pkts,pkt_ratio,avg_pkt_size,unique_MACs,mean_IAT_us,IAT_variance,label
996,946,0.95,125.3,6,1002.0,9611297.5,udp_flood
1021,863,0.845,103.9,7,977.7,9003473.9,udp_flood
1079,804,0.745,132.4,7,920.4,6242172.3,udp_flood
1899,906,0.477,123.8,5,522.1,3197880.5,udp_flood
137,41,0.299,85.6,5,7082.3,157631065.2,normal
1447,1172,0.81,118.0,6,687.6,6918446.7,udp_flood
1765,993,0.563,130.0,4,566.1,5102836.9,udp_flood
1087,1032,0.949,116.8,5,920.0,9714773.5,udp_flood
972,882,0.907,108.0,7,1019.9,11043341.6,udp_flood
128,7,0.055,147.4,6,7358.5,222532481.9,normal
1394,1359,0.975,110.4,5,715.2,8381551.2,udp_flood
282,0,0.0,65.7,5,3468.3,55580373.9,normal
897,869,0.969,111.9,5,1112.4,11683300.9,udp_flood
316,273,0.864,120.1,6,3136.7,27093947.5,udp_flood
1302,1230,0.945,108.7,5,762.1,9119624.2,udp_flood
1247,1178,0.945,109.6,6,797.3,8027940.1,udp_flood
360,45,0.125,171.9,7,2784.3,17183096.1,normal
1016,981,0.966,111.7,8,960.2,11971369.4,udp_flood
1298,1226,0.945,108.5,5,753.3,6459056.0,udp_flood
76,40,0.526,118.4,6,12287.7,375332596.0,normal
1035,922,0.891,105.0,4,963.8,15870735.0,udp_flood
198,83,0.419,96.8,5,4976.7,133605026.9,normal
244,26,0.107,130.8,6,4004.4,118144183.2,normal
511,364,0.712,118.4,9,1942.3,55199770.2,udp_flood
26,1,0.038,172.6,6,39890.6,1317109870.0,normal
296,35,0.118,182.8,6,3352.3,18737524.3,normal
28,4,0.143,205.1,5,34126.3,947262567.4,normal
311,232,0.746,191.0,6,3224.0,22442836.0,udp_flood
1241,1138,0.917,106.6,7,784.8,5735123.3,udp_flood
984,933,0.948,110.8,6,1004.9,12052432.5,udp_flood
104,0,0.0,105.5,3,9596.0,333358181.6,normal
39,2,0.051,118.4,8,25780.9,910195191.5,normal
1183,1165,0.985,110.8,5,834.3,17247620.3,udp_flood
39,17,0.436,426.3,4,25302.1,517292329.0,normal
25,1,0.04,148.8,5,40485.6,1446045728.1,normal
123,31,0.252,98.5,4,7867.6,178973710.7,normal
1474,951,0.645,118.6,7,675.1,5899019.5,udp_flood
1568,1471,0.938,110.2,6,636.6,5944117.5,udp_flood
1368,1196,0.874,111.2,5,724.6,5229071.2,udp_flood
444,392,0.883,150.9,5,2098.9,44756568.9,normal
114,27,0.237,116.9,5,8800.2,168616848.5,normal
363,31,0.085,158.0,8,2758.4,21780838.9,normal
245,87,0.355,75.8,6,4077.4,78576636.5,normal
1045,982,0.94,115.4,7,944.5,12503516.4,udp_flood
106,2,0.019,83.0,5,9395.0,58829136.7,normal
283,29,0.102,81.5,6,3529.3,24522862.7,normal
981,868,0.885,102.2,6,1011.5,22664744.3,udp_flood
1365,1352,0.99,114.1,5,699.3,7152448.2,udp_flood
69,47,0.681,121.9,5,13896.1,373682286.1,normal
1596,591,0.37,137.9,8,621.5,5493634.8,udp_flood
355,221,0.623,102.8,7,2770.4,22126111.0,udp_flood
1111,1066,0.959,111.0,6,884.8,9106581.0,udp_flood
111,30,0.27,248.7,7,8964.1,159975757.6,normal
1284,919,0.716,120.7,6,764.5,7941556.8,udp_flood
43,5,0.116,220.4,5,23043.8,452270316.2,normal
50,3,0.06,154.4,7,19148.6,738558378.0,normal
997,950,0.953,111.0,6,987.1,10307357.2,udp_flood
346,35,0.101,181.8,6,2870.8,25275460.6,normal
262,10,0.038,145.8,6,3770.7,38957345.5,normal
325,203,0.625,149.8,7,3081.4,25118151.6,udp_flood
480,414,0.863,122.0,4,1927.9,47029229.2,normal
79,6,0.076,322.9,7,12056.6,309029814.0,normal
1206,1113,0.923,114.2,6,822.6,9564426.0,udp_flood
369,243,0.659,116.8,6,2703.0,42273629.3,normal
1238,1139,0.92,107.0,5,804.1,7522181.4,udp_flood
1170,1107,0.946,110.4,4,841.0,10922462.6,udp_flood
1400,1171,0.836,114.5,5,713.9,6515694.5,udp_flood
1340,406,0.303,132.9,6,741.5,7804169.7,udp_flood
136,2,0.015,74.5,6,7355.8,82952180.5,normal
1093,979,0.896,106.4,5,907.4,9148616.8,udp_flood
161,88,0.547,158.2,6,5605.7,138448099.9,normal
48,31,0.646,103.0,6,19663.1,648872731.4,normal
1812,1666,0.919,107.0,5,539.4,8556733.0,udp_flood
1288,1065,0.827,99.4,5,773.9,5785975.5,udp_flood
187,69,0.369,82.0,6,5281.9,76237393.2,normal
88,7,0.08,124.2,7,10952.7,373321719.9,normal
1145,1026,0.896,106.2,5,864.2,8917135.6,udp_flood
144,23,0.16,154.8,6,6611.0,69052581.8,normal
1040,992,0.954,120.6,3,952.4,13235372.9,udp_flood
66,15,0.227,202.3,5,15234.1,386565062.0,normal
1153,1073,0.931,107.5,6,851.8,7738382.8,udp_flood
93,15,0.161,108.5,5,10722.1,192557206.7,normal
297,251,0.845,248.8,5,3326.7,40201059.3,normal
77,56,0.727,249.8,4,12146.7,269617139.3,normal
259,39,0.151,229.5,7,3849.7,40576913.9,normal
1155,1099,0.952,110.5,6,864.1,7486098.3,udp_flood
1355,1158,0.855,117.1,6,731.5,10587296.0,udp_flood
1278,1262,0.987,111.1,4,776.5,10500382.0,udp_flood
1290,1173,0.909,106.0,6,765.4,6093943.2,udp_flood
133,20,0.15,74.8,4,7253.0,210303287.6,normal
661,269,0.407,167.9,6,1492.9,12688975.2,normal
229,131,0.572,182.0,5,4339.6,84273177.0,normal
1084,484,0.446,158.6,6,920.6,3292706.7,udp_flood
493,296,0.6,146.9,6,2022.6,11187717.8,normal
1221,1095,0.897,107.9,4,817.2,7930539.6,udp_flood
120,49,0.408,168.6,6,8085.8,157755256.0,normal
1160,994,0.857,114.2,6,847.3,9513046.5,udp_flood
71,38,0.535,225.4,7,13713.2,348695398.8,normal
42,1,0.024,195.9,6,21369.0,932184819.9,normal
1316,1109,0.843,105.6,6,756.8,6153994.1,udp_flood
1060,1049,0.99,111.1,3,926.5,12551181.0,udp_flood
33,17,0.515,131.3,5,29829.8,1139417308.6,normal
1024,1013,0.989,111.9,3,960.4,10072635.2,udp_flood
193,112,0.58,94.5,6,5004.6,95859523.5,normal
210,142,0.676,195.6,8,4773.4,35646065.5,udp_flood
1171,1077,0.92,109.6,5,836.7,8177677.7,udp_flood
268,147,0.549,187.4,6,3699.2,46964502.2,udp_flood
1141,488,0.428,188.7,6,873.1,3138187.9,udp_flood
139,119,0.856,317.3,5,6843.5,193259879.8,normal
1167,420,0.36,147.7,6,839.8,9729385.1,udp_flood
1174,1153,0.982,112.1,5,821.3,12655890.7,udp_flood
1356,1017,0.75,109.3,7,732.6,4220372.6,udp_flood
536,333,0.621,192.5,7,1811.2,5514430.9,udp_flood
1240,1012,0.816,100.0,7,794.1,5146899.2,udp_flood
291,167,0.574,227.0,5,3437.1,73113161.1,normal
55,6,0.109,112.6,6,17618.8,451865557.2,normal
150,29,0.193,165.6,5,6637.3,126401726.7,normal
1241,1105,0.89,110.5,6,796.4,7370431.6,udp_flood
1590,1008,0.634,167.6,5,625.8,1071135.4,udp_flood
454,28,0.062,562.4,5,2197.7,35198107.4,normal
815,765,0.939,108.8,6,1170.2,18187443.7,udp_flood
480,305,0.635,228.3,7,2042.4,25682540.6,normal
1318,1234,0.936,110.8,4,758.4,7090726.9,udp_flood
520,23,0.044,297.5,5,1920.5,15346130.8,normal
99,66,0.667,136.2,5,9702.7,292034939.7,normal
1876,1488,0.793,111.0,6,530.7,2357597.5,udp_flood
492,232,0.472,98.4,6,2024.2,11247203.2,udp_flood
239,161,0.674,164.3,5,4078.6,112201891.0,normal
1222,1151,0.942,109.2,5,813.6,7566787.9,udp_flood
1132,1097,0.969,110.6,6,875.0,15481077.6,udp_flood
1321,1048,0.793,116.7,6,749.0,12052567.9,udp_flood
1206,1090,0.904,115.5,5,813.4,8131696.1,udp_flood
147,119,0.81,383.2,5,6733.2,125434205.3,normal
1036,981,0.947,110.4,6,945.9,8889395.8,udp_flood
1239,1110,0.896,105.9,7,792.1,6000686.8,udp_flood
162,11,0.068,358.8,7,6130.4,123855899.6,normal
668,15,0.022,205.1,8,1488.2,6029936.2,normal
216,52,0.241,59.0,5,4483.8,120011495.0,normal
150,0,0.0,77.3,7,6381.9,47102549.0,normal
95,32,0.337,235.9,6,10208.7,220781182.2,normal
133,0,0.0,74.5,4,6906.5,136009811.5,normal
138,30,0.217,72.2,7,7192.2,103158237.8,normal
1405,1187,0.845,112.5,7,711.2,7957342.0,udp_flood
647,138,0.213,237.6,6,1499.9,7328654.2,normal
519,338,0.651,93.9,6,1872.4,13393274.6,udp_flood
1278,1192,0.933,140.7,5,750.4,11020153.3,udp_flood
1196,1164,0.973,110.4,7,829.0,11049403.1,udp_flood
40,1,0.025,134.8,5,24366.7,926388527.9,normal
971,913,0.94,112.0,6,997.6,9709966.6,udp_flood
78,8,0.103,135.9,6,12389.4,552338740.3,normal
1126,1057,0.939,123.4,4,879.9,6940231.3,udp_flood
109,52,0.477,481.7,6,8995.6,230893298.5,normal
1380,1181,0.856,105.2,7,721.9,4900759.3,udp_flood
38,4,0.105,172.2,6,26289.6,661672530.0,normal
1503,1113,0.741,109.5,5,652.8,4215834.4,udp_flood
126,57,0.452,97.8,6,7945.1,185317057.3,normal
83,20,0.241,125.8,6,11954.3,297532365.8,normal
1125,1066,0.948,108.9,6,883.8,7587326.3,udp_flood
72,11,0.153,133.7,6,13198.3,509009741.6,normal
1230,1038,0.844,102.9,6,812.6,5049307.4,udp_flood
1415,1118,0.79,105.5,6,702.2,5691630.8,udp_flood
1250,1019,0.815,97.1,8,782.0,10778911.3,udp_flood
1138,1064,0.935,108.8,5,825.6,10423100.4,udp_flood
1183,889,0.751,107.4,6,838.7,6546363.1,udp_flood
475,155,0.326,148.0,6,2083.8,14224645.3,udp_flood
1171,1134,0.968,110.4,6,820.3,8731952.6,udp_flood
285,205,0.719,255.3,5,3506.4,52690152.4,normal
1092,811,0.743,147.7,5,915.1,6263186.9,udp_flood
45,18,0.4,174.0,5,20945.0,435298936.7,normal
32,0,0.0,337.2,5,29779.5,546977914.3,normal
140,66,0.471,313.0,6,7084.8,190644719.1,normal
116,58,0.5,121.4,7,8653.4,246323298.2,normal
37,10,0.27,209.6,6,25625.5,257198470.8,normal
1102,1087,0.986,111.6,5,893.8,9875390.4,udp_flood
34,2,0.059,138.3,5,27926.9,1242255156.3,normal
76,16,0.211,127.1,5,12919.8,791252202.1,normal
78,1,0.013,116.5,5,12472.1,458273725.5,normal
485,295,0.608,163.8,6,2044.1,13633918.4,normal
1216,1203,0.989,111.1,3,807.1,9130840.1,udp_flood
1150,936,0.814,104.5,7,858.7,7247190.0,udp_flood
164,9,0.055,135.2,6,5939.1,116902436.8,normal
1042,1023,0.982,111.5,5,947.5,9736373.9,udp_flood
20,4,0.2,164.9,5,47827.7,1483332267.5,normal
385,266,0.691,103.9,6,2591.4,15148353.6,udp_flood
805,19,0.024,186.2,8,1221.8,4870374.0,udp_flood
60,34,0.567,98.0,6,15558.2,579279141.7,normal
44,29,0.659,95.6,4,21879.9,793420835.9,normal
155,20,0.129,156.4,7,6403.5,97675262.3,normal
1063,1045,0.983,111.4,6,923.6,9196154.8,udp_flood
1338,1234,0.922,119.0,4,738.9,8193532.7,udp_flood
1317,1163,0.883,112.4,3,750.5,7448290.4,udp_flood
1084,914,0.843,105.4,6,919.6,7893345.8,udp_flood
1269,1203,0.948,113.1,5,778.4,6761514.1,udp_flood
69,9,0.13,84.4,5,13585.0,420176921.9,normal
694,272,0.392,120.2,7,1427.7,9260351.9,normal
43,27,0.628,108.1,5,23303.5,775530157.4,normal
302,105,0.348,264.9,4,3201.9,123014936.7,normal
44,19,0.432,160.7,6,22995.3,717798029.8,normal
1137,1053,0.926,142.0,5,877.6,11467071.2,udp_flood
306,102,0.333,286.5,7,3224.8,40395787.8,normal
127,102,0.803,208.4,4,7321.9,201341045.6,normal
1143,1129,0.988,111.1,5,860.1,6970283.0,udp_flood
790,372,0.471,123.2,6,1263.1,8711974.4,udp_flood
1211,1162,0.96,116.9,6,802.6,7673757.0,udp_flood
1274,1151,0.903,162.6,5,781.0,6572444.8,udp_flood
1129,1026,0.909,107.4,5,876.5,8319362.9,udp_flood
343,0,0.0,178.4,6,2908.9,16282403.8,normal
1140,1095,0.961,111.7,6,868.7,11750669.6,udp_flood
43,1,0.023,113.9,6,22186.2,1007249785.1,normal
1210,1089,0.9,104.9,4,819.4,8677381.0,udp_flood
124,55,0.444,219.4,6,7945.0,217925689.3,normal
36,1,0.028,141.5,4,26378.6,879433703.8,normal
1941,1885,0.971,121.2,6,507.3,5967349.0,udp_flood
1009,994,0.985,110.8,5,984.2,13158207.5,udp_flood
1215,1061,0.873,179.5,6,811.6,6045027.6,udp_flood
20,6,0.3,174.6,4,51412.9,1834765707.2,normal
1182,1119,0.947,109.1,5,837.3,9417959.6,udp_flood
69,9,0.13,96.1,5,14272.3,774101251.1,normal
1327,1244,0.937,139.3,5,751.1,8921020.6,udp_flood
1228,1197,0.975,109.9,5,800.5,7819033.1,udp_flood
31,1,0.032,233.3,5,32231.6,622461823.4,normal
363,161,0.444,226.8,6,2707.6,12615114.0,udp_flood
806,638,0.792,107.3,6,1227.7,10798198.1,udp_flood
226,37,0.164,86.7,5,4335.1,28732387.0,normal
1453,317,0.218,177.4,4,687.6,5742793.4,udp_flood
22,0,0.0,308.0,4,45787.6,392415777.0,normal
1081,925,0.856,105.1,8,918.9,10036221.3,udp_flood
117,18,0.154,102.4,7,8552.4,206783261.9,normal
1174,1110,0.945,111.8,7,845.0,7739851.4,udp_flood
1238,1197,0.967,109.9,5,799.6,9161038.0,udp_flood
97,23,0.237,94.0,5,10191.2,295049760.5,normal
988,893,0.904,140.5,6,1007.2,10545623.0,udp_flood
78,2,0.026,117.7,8,12736.3,470530766.3,normal
1565,973,0.622,132.2,7,629.6,6542253.7,udp_flood
44,5,0.114,127.7,6,22823.8,1183566446.5,normal
171,0,0.0,75.6,5,5643.3,88203932.2,normal
257,172,0.669,185.0,5,3861.7,47433627.7,normal
1235,1122,0.909,105.4,6,809.6,10006722.1,udp_flood
67,47,0.701,124.8,4,15047.1,420111616.5,normal
122,29,0.238,95.1,4,8227.1,78522132.3,normal
31,11,0.355,215.2,4,30802.2,430021098.9,normal
32,8,0.25,225.2,4,29728.3,565117378.1,normal
1127,1107,0.982,110.6,5,888.1,16281207.1,udp_flood
991,858,0.866,104.5,6,1002.7,8259006.0,udp_flood
68,0,0.0,131.2,6,13750.4,357909684.8,normal
300,27,0.09,68.3,5,3109.2,28664474.8,normal
128,10,0.078,74.3,6,7633.6,122892659.4,normal
163,2,0.012,229.8,7,6158.3,141788063.9,normal
232,126,0.543,313.5,7,4280.1,53102982.9,normal
33,17,0.515,147.9,4,27336.7,1194653119.8,normal
74,31,0.419,94.9,6,13297.6,521599265.4,normal
1213,1183,0.975,110.9,7,808.6,11242137.3,udp_flood
1138,1070,0.94,109.4,4,871.0,10050195.6,udp_flood
1474,1169,0.793,107.2,5,670.9,3935613.7,udp_flood
132,22,0.167,110.0,7,7511.3,143107184.3,normal
113,88,0.779,173.5,6,8195.4,217437830.7,normal
1111,1082,0.974,111.3,4,878.1,8690278.6,udp_flood
1163,1153,0.991,111.1,3,844.7,16801591.8,udp_flood
912,805,0.883,106.9,6,1096.4,14868330.9,udp_flood
139,13,0.094,156.9,7,7020.9,100513495.5,normal
1173,1075,0.916,106.0,5,840.8,10561239.2,udp_flood
46,6,0.13,132.4,4,20506.8,413510756.3,normal
101,17,0.168,177.7,7,9525.0,444978051.3,normal
299,58,0.194,255.7,7,3353.2,47740647.7,normal
109,4,0.037,91.5,5,9145.6,317796452.9,normal
1355,1108,0.818,100.4,8,734.7,3914808.0,udp_flood
1179,1119,0.949,138.6,4,820.4,10455951.0,udp_flood
108,2,0.019,76.7,7,9047.7,278014791.0,normal
1193,1081,0.906,112.7,4,831.3,8993409.0,udp_flood
48,0,0.0,101.3,5,20760.1,992135136.3,normal
718,473,0.659,98.8,6,1379.4,11308469.4,normal
108,36,0.333,118.1,6,8929.4,193669807.8,normal
316,223,0.706,148.6,8,3078.5,34940441.1,udp_flood
59,1,0.017,124.7,7,16806.9,452556748.9,normal
1203,1173,0.975,113.1,4,828.3,8275123.0,udp_flood
297,31,0.104,70.5,6,3244.7,113757195.4,normal
128,0,0.0,113.4,6,7714.8,152553013.5,normal
1146,1088,0.949,111.0,5,864.7,7973590.6,udp_flood
54,4,0.074,167.2,8,17926.0,759569125.7,normal
1262,992,0.786,115.8,6,787.1,6391510.3,udp_flood
936,921,0.984,111.6,4,1059.4,12083096.3,udp_flood
1013,551,0.544,116.3,5,963.0,10042236.2,udp_flood
186,10,0.054,72.8,7,5307.3,70035201.3,normal
46,16,0.348,180.3,5,21176.6,497289181.8,normal
178,31,0.174,63.0,6,5395.6,91981095.6,normal
1164,1090,0.936,115.7,5,854.3,7649957.0,udp_flood
58,1,0.017,96.8,6,17195.8,697689188.4,normal
120,1,0.008,292.6,7,8144.8,149724267.1,normal
95,0,0.0,81.5,5,9931.8,367255145.6,normal
1158,1081,0.934,160.2,4,849.8,8870480.5,udp_flood
1291,1198,0.928,111.5,5,754.8,8503056.3,udp_flood
1158,1080,0.933,108.3,6,843.0,13418155.5,udp_flood
1192,1003,0.841,123.0,6,838.0,6340909.3,udp_flood
94,10,0.106,97.4,6,10677.4,204025202.0,normal
137,47,0.343,171.6,7,7218.0,266951765.4,normal
209,29,0.139,84.0,5,4695.5,42084804.5,normal
303,142,0.469,145.6,7,3299.9,26657958.4,udp_flood
52,22,0.423,278.0,6,18986.0,366120967.8,normal
38,16,0.421,200.4,4,25802.4,503852659.9,normal
101,16,0.158,105.0,7,9266.7,337032269.2,normal
254,138,0.543,130.9,5,3921.6,39494877.8,udp_flood
204,3,0.015,177.8,6,4774.5,143297605.2,normal
394,205,0.52,201.9,5,2533.3,20319067.2,normal
114,88,0.772,193.8,5,8151.8,268396661.2,normal
441,304,0.689,134.9,5,2271.9,12624826.3,udp_flood
1252,1177,0.94,107.7,5,784.1,7681854.3,udp_flood
199,119,0.598,372.7,7,4983.7,64896606.2,normal
1405,1197,0.852,102.7,6,710.2,4203195.6,udp_flood
1064,958,0.9,133.5,4,935.1,6610139.0,udp_flood
1247,1042,0.836,105.6,5,792.4,8511307.8,udp_flood
1174,1031,0.878,106.0,5,848.0,7405901.6,udp_flood
1498,1450,0.968,116.2,7,664.0,8776612.9,udp_flood
317,133,0.42,238.1,6,3161.5,25143892.3,udp_flood
1210,1154,0.954,111.2,7,826.6,9547770.4,udp_flood
96,14,0.146,107.5,5,9700.9,253805332.8,normal
13,4,0.308,236.2,2,73248.6,1171414415.2,normal
548,344,0.628,159.2,5,1764.3,14745868.5,normal
80,52,0.65,188.6,5,12136.2,298700860.0,normal
1165,1024,0.879,105.7,7,854.0,6211325.8,udp_flood
99,0,0.0,112.7,5,9619.9,268067955.4,normal
23,4,0.174,299.8,5,44914.8,1091380800.5,normal
569,347,0.61,122.3,4,1737.9,18297159.2,normal
52,15,0.288,155.2,7,18744.1,329357209.0,normal
1265,1032,0.816,108.5,7,785.2,10876536.4,udp_flood
1292,1187,0.919,107.8,5,770.3,6545931.3,udp_flood
1119,1092,0.976,112.6,4,891.5,8995016.2,udp_flood
101,3,0.03,82.7,8,9285.6,115547163.9,normal
193,2,0.01,120.9,5,5047.9,31863376.5,normal
1084,959,0.885,105.7,6,918.8,8461098.1,udp_flood
232,121,0.522,111.1,6,4129.6,35776000.5,normal
1333,530,0.398,126.9,7,742.3,9961892.1,udp_flood
84,49,0.583,140.5,5,11546.8,226820330.5,normal
993,976,0.983,113.7,5,991.1,12536946.2,udp_flood
1210,580,0.479,131.5,5,809.9,8074026.8,udp_flood
216,1,0.005,86.4,6,4635.8,29978112.0,normal
188,35,0.186,193.7,7,5304.4,117619378.5,normal
1286,1196,0.93,108.0,7,776.6,7046577.8,udp_flood
1072,1013,0.945,108.0,6,921.1,15214178.5,udp_flood
1320,1129,0.855,102.5,6,755.8,4142534.6,udp_flood
1024,967,0.944,108.8,6,950.3,15055964.1,udp_flood
373,158,0.424,107.7,6,2662.2,16088437.1,normal
682,31,0.045,54.2,4,1456.0,3652612.7,normal
135,20,0.148,80.5,7,7271.5,238295874.1,normal
14,1,0.071,233.9,4,70891.1,1654072630.1,normal
331,158,0.477,299.3,6,2945.7,36643043.6,normal
75,38,0.507,174.6,6,13405.3,316759533.7,normal
1114,1065,0.956,110.0,5,895.2,10318258.5,udp_flood
1428,1318,0.923,106.4,5,697.0,5478435.0,udp_flood
348,283,0.813,115.8,4,2723.6,39187216.0,normal
1145,1117,0.976,113.2,4,864.6,8397822.9,udp_flood
315,188,0.597,141.7,6,3105.6,61988984.2,normal
251,61,0.243,197.5,6,3944.9,36999082.3,normal
157,121,0.771,164.9,6,6347.2,40351116.5,udp_flood
107,37,0.346,154.2,7,8678.5,215111007.5,normal
791,232,0.293,162.2,7,1251.6,8501527.0,normal
36,9,0.25,206.2,6,28453.9,554072137.0,normal
427,294,0.689,99.6,7,2286.4,30085933.2,normal
21,1,0.048,251.6,6,47543.9,1435048378.6,normal
135,19,0.141,82.0,6,7277.3,155587128.5,normal
219,2,0.009,225.5,6,4491.3,105354678.9,normal
116,16,0.138,95.9,7,8566.4,154370603.5,normal
1331,1266,0.951,108.0,6,738.1,8589591.8,udp_flood
31,2,0.065,130.4,6,30769.9,799621392.5,normal
362,71,0.196,99.5,5,2761.0,31939992.2,normal
275,231,0.84,145.0,6,3583.5,48989086.4,normal
632,475,0.752,158.0,6,1583.1,31835527.1,normal
1132,1104,0.975,110.3,4,871.3,8300826.5,udp_flood
28,1,0.036,133.8,4,35165.1,1674127148.8,normal
158,86,0.544,196.1,4,5870.0,140804593.8,normal
1178,1151,0.977,110.6,6,846.6,8454092.4,udp_flood
123,6,0.049,128.4,5,7800.8,394837608.7,normal
1385,1186,0.856,105.2,5,717.2,5533726.7,udp_flood
159,35,0.22,175.9,7,6285.6,109166329.8,normal
80,19,0.237,109.6,5,12351.0,415426779.8,normal
66,0,0.0,144.7,5,15379.2,530697416.1,normal
549,397,0.723,111.0,6,1798.7,12299805.9,udp_flood
90,38,0.422,97.1,5,11180.4,209191640.9,normal
130,30,0.231,102.1,7,7632.7,56773973.2,normal
846,623,0.736,92.3,6,1132.9,13135641.1,udp_flood
1026,780,0.76,130.7,8,968.3,8203786.6,udp_flood
61,2,0.033,93.4,6,15517.8,778649375.7,normal
137,51,0.372,250.3,5,7113.7,240171358.2,normal
1090,1025,0.94,125.4,5,887.6,10870766.2,udp_flood
93,41,0.441,227.7,7,10588.9,276028293.9,normal
63,0,0.0,135.7,5,15280.1,504553391.1,normal
1215,1156,0.951,108.8,5,800.2,7787054.2,udp_flood
1186,1152,0.971,112.9,4,837.1,11453455.1,udp_flood
68,16,0.235,115.7,5,13778.5,428126436.4,normal
1261,1124,0.891,106.7,6,790.1,5567472.7,udp_flood
1253,1102,0.879,136.8,3,791.8,5319917.8,udp_flood
186,0,0.0,122.8,5,4909.7,129619112.5,normal
63,27,0.429,105.7,5,15648.8,488210717.1,normal
1428,1096,0.768,105.7,5,697.8,4062983.5,udp_flood
43,28,0.651,220.7,4,23485.0,819091020.0,normal
1192,1092,0.916,107.3,6,830.0,6706969.0,udp_flood
378,10,0.026,62.3,7,2637.1,43432679.7,normal
228,105,0.461,175.6,6,4183.8,59657016.6,normal
223,92,0.413,201.2,7,4469.5,74703696.4,normal
1458,1218,0.835,101.8,6,684.6,3337400.6,udp_flood
1285,864,0.672,207.4,5,753.1,4615471.9,udp_flood
77,1,0.013,64.2,7,13131.8,806251324.7,normal
149,119,0.799,282.3,5,6587.2,165707514.5,normal
351,90,0.256,103.2,8,2831.7,20314527.9,udp_flood
1174,1033,0.88,105.4,6,829.8,6383930.4,udp_flood
1185,995,0.84,113.2,6,843.7,8037858.3,udp_flood
1148,1065,0.928,107.6,5,871.1,7967860.5,udp_flood
439,211,0.481,94.4,8,2274.9,12374985.4,udp_flood
216,110,0.509,190.4,3,4603.8,66272358.7,normal
118,93,0.788,194.7,5,8466.3,224000658.0,normal
1200,1175,0.979,122.9,5,828.5,11610720.3,udp_flood
1103,1044,0.947,116.5,3,903.9,7853734.8,udp_flood
217,102,0.47,111.8,6,4583.2,80010908.1,udp_flood
1050,953,0.908,106.0,5,944.6,10760040.2,udp_flood
150,27,0.18,78.7,5,6185.3,121013868.2,normal
1346,1332,0.99,119.0,3,729.2,8909509.9,udp_flood
476,291,0.611,114.6,8,2094.2,6193521.0,udp_flood
1264,1105,0.874,113.9,3,788.2,12536007.3,udp_flood
1127,992,0.88,105.6,6,879.7,6199253.9,udp_flood
1094,1010,0.923,107.9,5,910.9,7878467.2,udp_flood
147,40,0.272,87.0,7,6746.8,186325196.3,normal
217,28,0.129,192.3,8,4623.4,65127451.6,normal
1263,1132,0.896,110.4,6,787.6,6772559.7,udp_flood
187,2,0.011,75.9,6,5050.0,105462745.5,normal
348,145,0.417,291.7,6,2836.0,21680785.2,udp_flood
74,7,0.095,108.4,4,12663.3,482319080.5,normal
25,1,0.04,224.1,5,39808.8,1093324723.5,normal
57,13,0.228,120.0,4,16457.3,760928819.3,normal
107,19,0.178,167.2,5,9114.7,264595506.0,normal
171,102,0.596,149.7,7,5758.0,80726726.0,udp_flood
446,350,0.785,166.6,5,2123.6,48124612.9,normal
148,5,0.034,237.5,7,6601.3,102022467.3,normal
87,70,0.805,194.1,4,10715.1,244237394.7,normal
33,17,0.515,343.8,5,20821.7,801780703.8,normal
275,75,0.273,113.6,6,3596.1,37468096.3,normal
15,1,0.067,244.8,5,60588.7,1459700419.9,normal
345,50,0.145,69.7,7,2722.4,18691484.9,normal
266,10,0.038,71.4,6,3736.5,43855760.1,normal
48,19,0.396,173.2,6,21102.7,509290021.5,normal
1269,1168,0.92,108.1,7,770.2,9265288.2,udp_flood
808,562,0.696,93.6,7,1237.8,20209923.2,udp_flood
53,23,0.434,359.3,6,18491.8,746071877.2,normal
1395,1060,0.76,113.9,5,704.6,5856352.3,udp_flood
1119,765,0.684,174.6,6,879.0,9270773.1,udp_flood
1231,1209,0.982,113.4,6,793.3,9464731.7,udp_flood
1113,976,0.877,143.8,6,894.7,6980537.3,udp_flood
1162,948,0.816,114.5,6,857.2,11390176.9,udp_flood
1124,998,0.888,108.7,7,879.7,9049729.3,udp_flood
54,4,0.074,95.4,5,17734.7,574851984.5,normal
1430,1214,0.849,103.6,3,685.7,3980071.4,udp_flood
883,833,0.943,109.3,4,1116.5,11879618.3,udp_flood
1175,893,0.76,100.2,8,843.7,3888685.2,udp_flood
1168,1073,0.919,116.5,8,853.4,8220676.4,udp_flood
106,36,0.34,130.9,5,9504.3,207352808.5,normal
75,1,0.013,122.1,7,13329.8,542526205.3,normal
54,10,0.185,101.9,7,18491.0,389251017.2,normal
1303,1280,0.982,110.4,5,767.1,7594487.9,udp_flood
1536,1447,0.942,109.0,7,635.3,7320265.9,udp_flood
1172,1140,0.973,110.6,6,849.8,9758920.7,udp_flood
284,91,0.32,87.7,8,3494.5,64210308.1,normal
557,4,0.007,258.9,8,1769.9,20895192.0,normal
22,1,0.045,174.3,5,43905.1,1374454158.2,normal
178,104,0.584,150.3,8,5624.0,95082313.9,normal
300,242,0.807,176.4,7,3333.8,20677463.7,udp_flood
1210,1113,0.92,108.3,6,812.5,6925097.4,udp_flood
30,0,0.0,146.3,5,33121.5,1102651239.8,normal
408,25,0.061,85.4,7,2320.6,15691156.5,normal
62,9,0.145,94.3,5,15565.5,788770611.8,normal
256,200,0.781,183.9,6,3872.8,63358645.9,normal
1160,1030,0.888,106.2,6,853.7,6268503.6,udp_flood
288,25,0.087,226.9,8,3453.4,33525695.6,normal
311,27,0.087,89.8,7,3211.7,12395529.2,normal
93,0,0.0,108.3,5,10758.4,245174161.7,normal
1231,1022,0.83,137.4,7,808.5,7172937.9,udp_flood
19,1,0.053,251.4,5,51535.6,936307915.4,normal
356,26,0.073,212.9,5,2750.3,54814499.0,normal
1005,970,0.965,110.9,6,987.2,9834764.1,udp_flood
1013,937,0.925,108.6,6,969.3,10584617.7,udp_flood
1278,1151,0.901,112.1,4,778.0,6778049.4,udp_flood
1321,1013,0.767,98.7,8,755.1,3376116.2,udp_flood
1103,1089,0.987,111.1,4,896.7,8767735.7,udp_flood
1523,1095,0.719,126.4,7,653.5,5691332.0,udp_flood
696,148,0.213,508.9,7,1427.2,12538627.4,normal
120,40,0.333,74.2,7,8249.2,134047105.0,normal
161,42,0.261,79.9,6,6107.5,84692107.6,normal
1095,1006,0.919,106.7,5,911.2,12300138.9,udp_flood
101,21,0.208,179.7,4,9693.8,195097807.5,normal
15,0,0.0,226.5,4,58696.6,1251733053.8,normal
126,13,0.103,79.2,6,7846.1,160514757.3,normal
40,21,0.525,149.6,5,24865.4,621951829.0,normal
114,94,0.825,294.6,5,8501.2,183467781.1,normal
1114,1045,0.938,109.4,5,889.5,8371212.8,udp_flood
186,130,0.699,132.2,6,5258.3,50383691.4,udp_flood
1133,1113,0.982,111.6,7,864.9,11437329.3,udp_flood
325,108,0.332,128.0,7,2990.8,40798770.0,normal
44,0,0.0,111.0,5,22447.1,1016033337.9,normal
180,48,0.267,348.4,7,5495.1,54537958.8,normal
145,84,0.579,141.0,8,6429.4,150214016.7,normal
90,35,0.389,200.3,5,10365.2,305351354.1,normal
972,949,0.976,112.0,4,1018.4,10791657.8,udp_flood
1341,981,0.732,141.4,6,743.1,5951466.2,udp_flood
1216,1080,0.888,108.4,6,819.3,6868613.4,udp_flood
40,0,0.0,155.2,6,23714.3,887434795.5,normal
33,8,0.242,110.4,5,25600.0,1109794310.5,normal
1220,1066,0.874,104.4,6,808.3,6827130.5,udp_flood
1040,1010,0.971,110.7,5,955.6,10664978.6,udp_flood
562,272,0.484,186.1,7,1764.8,16352753.3,udp_flood
1161,1108,0.954,109.5,6,838.1,10358252.9,udp_flood
96,26,0.271,117.8,9,10201.9,175073851.4,normal
1024,975,0.952,109.6,6,942.6,14992230.6,udp_flood
878,862,0.982,111.8,5,1120.5,13210286.8,udp_flood
57,35,0.614,288.4,4,17041.5,476478847.7,normal
1071,1011,0.944,112.2,7,920.2,10811403.1,udp_flood
286,167,0.584,172.6,6,3344.1,60491555.1,normal
71,31,0.437,241.0,8,13656.5,325251123.5,normal
401,27,0.067,115.7,6,2417.8,52921233.1,normal
1332,1205,0.905,109.6,6,748.5,13267593.5,udp_flood
90,9,0.1,226.4,5,10913.2,182505746.7,normal
214,45,0.21,198.6,6,4545.2,50881763.1,normal
1244,845,0.679,127.3,6,795.4,4588273.6,udp_flood
460,377,0.82,138.7,5,2157.8,33989091.7,normal
175,41,0.234,268.3,5,5586.9,133138291.5,normal
1421,1052,0.74,112.9,7,699.5,6501451.6,udp_flood
1051,613,0.583,106.0,7,931.6,6466364.4,udp_flood
143,44,0.308,68.6,5,6895.1,146826508.5,normal
81,0,0.0,95.3,5,12029.5,437823735.5,normal
1115,1099,0.986,110.6,4,887.2,13261748.3,udp_flood
1280,1211,0.946,108.7,6,770.2,7239995.5,udp_flood
103,34,0.33,96.8,6,9675.8,160712739.6,normal
1180,1156,0.98,110.9,5,828.1,8007631.4,udp_flood
83,12,0.145,83.5,8,11930.5,508156454.8,normal
1118,1016,0.909,107.4,7,886.0,7371278.6,udp_flood
145,89,0.614,152.9,8,6854.0,128239053.0,normal
1026,984,0.959,110.1,5,966.9,11000921.8,udp_flood
47,0,0.0,172.8,6,20498.5,947681510.3,normal
1204,1175,0.976,111.5,3,820.7,7994018.3,udp_flood
154,24,0.156,60.8,5,5932.5,203725612.3,normal
173,13,0.075,79.5,6,5564.6,112077423.5,normal
26,5,0.192,224.5,6,36863.8,1515391656.8,normal
1076,1066,0.991,111.9,3,921.9,9553710.8,udp_flood
335,243,0.725,125.4,5,2956.9,62358069.9,normal
167,141,0.844,123.4,5,5822.9,169079183.3,normal
126,15,0.119,68.6,6,7375.1,287405330.2,normal
64,0,0.0,371.8,6,14486.6,632219852.6,normal
386,102,0.264,230.1,5,2589.0,26194309.1,normal
90,15,0.167,466.6,6,11047.5,305542249.2,normal
1208,1084,0.897,114.4,7,817.4,9354092.0,udp_flood
1510,1215,0.805,97.5,4,651.2,2870920.6,udp_flood
1347,1302,0.967,113.5,6,735.8,9952748.7,udp_flood
946,752,0.795,100.1,5,1045.4,7085717.4,udp_flood
219,139,0.635,89.5,6,4415.4,235676098.8,normal
85,1,0.012,101.5,5,11223.7,434505605.0,normal
90,0,0.0,105.0,5,10667.5,480362625.8,normal
1064,1034,0.972,111.2,4,937.2,9360352.0,udp_flood
193,161,0.834,245.2,6,5140.0,144699451.5,normal
1107,1076,0.972,110.9,4,903.0,10865076.1,udp_flood
1144,868,0.759,111.7,6,856.4,9150320.7,udp_flood
70,14,0.2,153.1,8,13859.6,425202818.3,normal
69,24,0.348,168.7,7,14455.6,274201342.9,normal
353,1,0.003,66.7,6,2817.9,38009616.5,normal
471,195,0.414,86.5,6,2093.3,22115932.3,normal
153,17,0.111,120.5,6,6328.5,338406489.9,normal
1442,1390,0.964,109.6,5,682.3,6706244.7,udp_flood
1372,1240,0.904,136.4,6,722.5,6227276.6,udp_flood
650,599,0.922,109.2,8,1522.8,54729076.9,udp_flood
77,51,0.662,140.8,7,12847.7,347104272.5,normal
84,1,0.012,125.8,6,11876.6,315637081.0,normal
1257,1093,0.87,103.2,5,794.0,6458982.9,udp_flood
105,19,0.181,93.8,7,9425.0,294391998.2,normal
21,0,0.0,204.9,5,46079.2,1585058379.7,normal
1273,1233,0.969,110.3,6,735.0,8092306.1,udp_flood
87,1,0.011,69.6,7,11283.2,612654693.8,normal
178,31,0.174,114.6,8,5565.4,57138548.2,normal
1195,996,0.833,117.7,6,820.6,10016534.1,udp_flood
371,22,0.059,67.3,6,2702.1,44646780.2,normal
145,10,0.069,79.1,7,6617.1,115909599.2,normal
261,106,0.406,133.6,8,3838.2,29246308.0,udp_flood
30,11,0.367,254.5,6,32023.6,1646785462.3,normal
399,21,0.053,72.4,6,2495.6,15860751.4,normal
194,66,0.34,162.8,6,4961.1,72532518.9,normal
1201,1111,0.925,113.8,6,831.1,10898169.2,udp_flood
218,6,0.028,60.4,6,4416.1,72839829.1,normal
94,24,0.255,117.0,7,10517.7,246366219.8,normal
1265,1241,0.981,111.4,4,789.0,8758790.6,udp_flood
1293,1180,0.913,106.4,6,771.0,9765145.3,udp_flood
1607,1469,0.914,106.5,5,599.8,7479428.7,udp_flood
44,7,0.159,222.0,6,21432.7,549142793.0,normal
1445,1047,0.725,117.0,3,689.7,6684538.2,udp_flood
1244,1024,0.823,173.1,4,783.5,5162541.6,udp_flood
462,271,0.587,216.5,7,2146.2,25933937.7,normal
567,156,0.275,178.0,6,1666.0,10910085.3,normal
204,2,0.01,101.3,7,4891.9,35038380.6,normal
1066,975,0.915,107.2,5,922.7,8084758.1,udp_flood
1065,897,0.842,113.2,4,933.2,16134067.5,udp_flood
1278,940,0.736,150.4,5,769.3,4356841.2,udp_flood
1115,1084,0.972,111.3,5,887.4,12004754.9,udp_flood
225,148,0.658,118.5,4,4347.3,99642817.1,normal
41,27,0.659,238.1,4,24229.8,877869857.8,normal
1284,1194,0.93,108.6,5,764.4,9100871.9,udp_flood
1374,988,0.719,125.8,5,722.0,6951370.9,udp_flood
1027,887,0.864,108.0,5,956.2,9674405.6,udp_flood
45,18,0.4,206.9,4,22577.8,516373884.4,normal
445,27,0.061,88.3,6,2222.2,5104748.5,normal
93,18,0.194,142.8,5,10017.4,236697930.6,normal
25,1,0.04,266.5,5,40380.5,999159389.5,normal
505,439,0.869,116.9,3,1945.8,25271439.1,udp_flood
1325,1292,0.975,111.4,4,745.8,9040052.4,udp_flood
43,18,0.419,294.9,4,22181.5,547901073.8,normal
41,22,0.537,171.2,4,22988.1,605398619.9,normal
1149,1103,0.96,112.0,6,867.1,7666459.5,udp_flood
1617,966,0.597,126.9,3,613.8,4840518.4,udp_flood
108,38,0.352,157.3,6,8891.9,156365509.4,normal
362,15,0.041,68.6,7,2744.2,26088530.1,normal
1554,1322,0.851,161.7,7,636.2,5739721.9,udp_flood
1203,1096,0.911,107.8,6,807.9,9699709.7,udp_flood
273,102,0.374,149.8,6,3646.6,14082620.3,udp_flood
1114,1089,0.978,110.8,5,886.5,10113334.6,udp_flood
1125,1080,0.96,115.7,4,870.7,12453656.5,udp_flood
1100,1015,0.923,107.5,5,901.9,10380760.9,udp_flood
1159,1136,0.98,110.2,4,852.7,11664175.2,udp_flood
152,29,0.191,113.8,5,6576.5,86541604.2,normal
1199,1113,0.928,109.9,4,830.4,10493688.9,udp_flood
111,8,0.072,144.8,7,8724.7,215653672.3,normal
1267,1010,0.797,130.1,6,783.4,8327449.0,udp_flood
43,10,0.233,145.9,6,23689.0,671273507.1,normal
139,1,0.007,76.1,5,7115.9,251052586.4,normal
643,303,0.471,125.0,6,1547.4,5199295.2,udp_flood
155,18,0.116,103.0,5,6014.6,131076639.9,normal
345,170,0.493,94.2,6,2818.2,16523364.2,udp_flood
1100,1059,0.963,109.4,6,903.0,13390995.5,udp_flood
998,856,0.858,105.0,7,998.5,8019853.5,udp_flood
1390,1283,0.923,116.4,5,707.8,7407798.7,udp_flood
39,2,0.051,183.5,7,25027.7,453510046.6,normal
18,1,0.056,209.3,5,54295.7,1165837563.0,normal
1187,1123,0.946,108.9,7,839.1,8362749.8,udp_flood
470,113,0.24,182.4,7,2125.5,19579908.6,udp_flood
113,71,0.628,415.3,4,8908.2,166640314.2,normal
146,33,0.226,70.7,4,6502.2,100141736.8,normal
990,943,0.953,116.1,5,1006.9,10827872.5,udp_flood
456,210,0.461,214.2,6,2158.1,24742369.4,normal
1310,995,0.76,115.9,5,754.2,7121736.8,udp_flood
21,6,0.286,189.3,4,48265.9,1444155926.8,normal
184,57,0.31,83.5,7,5439.4,79221230.4,normal
211,68,0.322,129.3,5,4722.2,87616744.2,normal
347,267,0.769,104.1,7,2882.8,72384032.8,udp_flood
433,250,0.577,250.3,5,2303.9,27140122.2,normal
238,1,0.004,73.2,5,3947.5,153135644.5,normal
1194,916,0.767,144.9,5,818.7,7900381.3,udp_flood
1211,1116,0.922,114.8,6,815.2,6417392.4,udp_flood
1159,872,0.752,99.9,7,858.4,4548696.3,udp_flood
1363,830,0.609,125.1,6,733.5,4166667.5,udp_flood
137,21,0.153,72.4,5,7208.3,174041880.9,normal
1074,869,0.809,113.4,9,926.9,8910675.8,udp_flood
1221,1016,0.832,103.1,7,818.9,4387442.6,udp_flood
1364,1129,0.828,102.7,5,730.4,4258656.4,udp_flood
1043,1029,0.987,111.1,4,957.8,12241537.3,udp_flood
1083,1067,0.985,111.0,6,918.6,14018232.6,udp_flood
1549,963,0.622,130.9,5,634.7,4076267.2,udp_flood
1148,1092,0.951,109.3,6,869.2,14142526.3,udp_flood
75,19,0.253,106.7,5,13049.6,442411489.0,normal
266,35,0.132,98.0,6,3729.4,27848340.6,udp_flood
282,26,0.092,208.1,7,3535.0,66455918.5,normal
1245,1212,0.973,110.9,3,797.1,7632617.6,udp_flood
462,236,0.511,91.6,7,2157.1,10243181.7,udp_flood
1273,1049,0.824,101.6,6,769.9,8216046.3,udp_flood
420,294,0.7,191.9,7,2348.9,41149541.1,normal
33,3,0.091,212.9,7,30015.5,504797233.7,normal
1175,1079,0.918,111.3,4,839.6,7900993.0,udp_flood
38,22,0.579,93.6,6,23731.3,804504445.6,normal
454,26,0.057,131.6,7,2198.2,10426162.1,normal
115,8,0.07,400.8,4,8183.5,121595715.9,normal
422,338,0.801,118.9,6,2370.1,14308672.1,udp_flood
1167,1105,0.947,111.2,5,842.4,8077290.1,udp_flood
1051,955,0.909,107.3,4,940.1,9081743.1,udp_flood
1186,1097,0.925,120.6,7,838.3,9857751.6,udp_flood
106,36,0.34,109.1,6,9428.0,269743505.7,normal
88,54,0.614,139.6,6,11248.7,273223961.1,normal
69,1,0.014,84.1,5,13163.8,474413529.5,normal
118,45,0.381,167.5,7,8236.0,149440614.2,normal
1159,1130,0.975,111.2,3,861.5,11035612.5,udp_flood
136,36,0.265,206.7,4,7262.5,137765008.6,normal
415,180,0.434,93.4,7,2412.9,14146975.3,udp_flood
1152,1006,0.873,114.0,8,867.9,9228798.4,udp_flood
275,170,0.618,107.3,6,3626.1,29460799.2,udp_flood
238,9,0.038,68.3,6,4195.8,27005825.0,normal
1184,1149,0.97,110.4,5,827.2,9337469.9,udp_flood
39,17,0.436,142.7,6,25653.7,1117584447.5,normal
216,113,0.523,102.6,5,4243.1,68881685.0,normal
1034,971,0.939,109.5,6,954.5,10383033.7,udp_flood
84,20,0.238,250.5,5,11529.1,375654280.4,normal
80,10,0.125,110.3,4,11662.1,325152720.2,normal
1056,904,0.856,104.6,7,929.6,11255020.5,udp_flood
1146,1109,0.968,110.8,5,855.1,10063807.3,udp_flood
1221,1027,0.841,103.7,7,815.4,4060218.2,udp_flood
1065,956,0.898,106.7,5,931.0,10574391.2,udp_flood
448,293,0.654,158.1,5,2233.4,11611715.3,udp_flood
30,7,0.233,255.0,4,32760.6,1232953937.7,normal
1185,838,0.707,116.7,5,841.2,10577138.2,udp_flood
175,19,0.109,76.0,6,5641.6,64231763.3,normal
145,24,0.166,212.5,7,6793.9,107099949.0,normal
86,50,0.581,142.2,6,10847.4,259510266.1,normal
1035,890,0.86,104.5,7,956.4,5789184.7,udp_flood
639,248,0.388,129.6,7,1554.8,6833508.4,udp_flood
865,299,0.346,119.8,6,1150.8,19835893.8,udp_flood
1215,1171,0.964,118.3,5,810.0,7388692.7,udp_flood
1507,1000,0.664,117.5,6,658.8,3889191.4,udp_flood
13,0,0.0,266.8,3,71342.6,1738016812.8,normal
91,1,0.011,73.7,6,10971.3,431335657.7,normal
199,78,0.392,352.3,5,5000.6,60695472.7,normal
1276,1053,0.825,122.6,6,773.7,10499184.8,udp_flood
1186,1165,0.982,110.9,5,839.8,7812348.0,udp_flood
1120,1067,0.953,110.0,4,884.0,9357344.8,udp_flood
1389,1126,0.811,99.9,7,713.6,4111475.8,udp_flood
98,42,0.429,106.5,8,9376.6,227202923.3,normal
128,102,0.797,176.7,6,7509.4,252151193.9,normal
81,0,0.0,127.6,5,12465.9,403822138.0,normal
51,24,0.471,131.0,6,18661.0,496092010.7,normal
186,38,0.204,103.9,8,4991.9,194889553.4,normal
551,203,0.368,189.6,6,1809.0,8260379.0,udp_flood
1071,1046,0.977,110.7,4,927.2,9591352.0,udp_flood
35,0,0.0,157.7,4,27504.1,1286672561.2,normal
373,95,0.255,215.9,6,2646.8,101995455.7,udp_flood
92,4,0.043,80.5,7,10613.2,363164373.5,normal
1052,1025,0.974,111.2,5,950.3,11270388.1,udp_flood
940,71,0.076,125.6,6,1060.0,14330874.2,normal
106,2,0.019,458.4,6,8934.5,307658831.7,normal
151,7,0.046,130.0,6,6431.6,122080139.1,normal
139,7,0.05,186.5,6,6673.6,136050694.7,normal
87,27,0.31,167.2,6,11450.8,331124612.2,normal
458,26,0.057,180.8,5,2110.2,59541193.8,normal
65,25,0.385,177.4,6,15147.6,376385477.7,normal
110,23,0.209,86.4,5,8902.4,304789437.6,normal
231,52,0.225,130.8,5,4282.8,85963804.5,normal
1296,1231,0.95,121.5,5,763.1,13190440.6,udp_flood
1323,1096,0.828,105.1,6,752.2,5100989.0,udp_flood
1214,1090,0.898,105.2,6,814.7,7127797.8,udp_flood
1527,1101,0.721,109.0,3,652.6,3898319.3,udp_flood
1269,1039,0.819,101.2,8,782.5,4379522.3,udp_flood
494,79,0.16,194.8,6,1997.2,17559135.8,normal
1127,1046,0.928,110.4,7,879.3,8293527.7,udp_flood
327,32,0.098,72.2,7,3041.7,22934536.1,normal
1249,1075,0.861,107.4,6,794.9,5539824.4,udp_flood
1073,1059,0.987,111.6,5,920.8,9747492.7,udp_flood
486,370,0.761,215.3,6,2019.5,11613835.2,udp_flood
1074,1043,0.971,111.1,5,930.4,10634462.7,udp_flood
127,32,0.252,282.4,8,7901.3,153875315.9,normal
932,902,0.968,113.0,4,1066.3,10990446.6,udp_flood
1092,1033,0.946,109.7,7,905.0,8986611.9,udp_flood
1189,1035,0.87,104.4,8,834.1,7786967.1,udp_flood
1287,1135,0.882,112.1,5,761.6,5791344.3,udp_flood
961,944,0.982,111.7,4,1040.6,10143131.8,udp_flood
1138,1088,0.956,109.7,3,875.3,8340575.6,udp_flood
1159,964,0.832,207.3,4,852.6,8369506.3,udp_flood
1639,914,0.558,125.5,7,608.2,3905218.2,udp_flood
99,2,0.02,135.4,7,9986.8,277411705.8,normal
1137,916,0.806,124.7,6,879.6,10544805.5,udp_flood
1084,1073,0.99,111.1,6,908.3,9348962.1,udp_flood
187,31,0.166,117.9,6,5130.0,54944705.3,normal
1265,1057,0.836,103.1,7,789.8,4089325.7,udp_flood
230,30,0.13,80.4,7,4298.8,58925445.1,normal
345,33,0.096,214.7,7,2889.1,11441427.4,normal
211,130,0.616,124.7,5,4670.9,127860419.1,normal
1090,1036,0.95,109.2,5,908.2,10710323.4,udp_flood
64,10,0.156,128.4,7,14940.8,335748763.3,normal
1469,1233,0.839,101.9,6,679.6,4132996.2,udp_flood
1137,1120,0.985,111.1,3,839.2,11168644.8,udp_flood
965,946,0.98,112.3,4,1032.1,10557257.8,udp_flood
206,42,0.204,112.6,7,4716.3,67710231.6,normal
339,125,0.369,120.4,7,2921.6,38027324.4,udp_flood
1193,1010,0.847,102.1,5,816.8,5156815.6,udp_flood
55,25,0.455,256.7,4,18239.4,541867657.9,normal
1002,927,0.925,108.0,5,995.3,9295683.0,udp_flood
1127,1037,0.92,107.9,4,877.6,7650993.2,udp_flood
30,0,0.0,172.1,3,33131.3,1588303092.7,normal
1344,822,0.612,109.7,7,736.2,6991039.5,udp_flood
139,44,0.317,148.6,5,7140.1,98068059.0,normal
1103,919,0.833,103.5,5,894.5,6914478.2,udp_flood
1223,1075,0.879,106.8,7,809.7,8900154.2,udp_flood
89,20,0.225,79.1,6,11080.5,396568400.4,normal
78,14,0.179,111.5,5,12726.1,299998028.2,normal
1615,959,0.594,141.9,6,613.0,6026794.6,udp_flood
1072,1036,0.966,110.2,6,921.0,9952328.3,udp_flood
1123,1092,0.972,111.8,5,878.0,8731703.9,udp_flood
118,0,0.0,72.3,6,7075.8,179443693.0,normal
79,1,0.013,84.8,5,12045.5,556820147.1,normal
121,3,0.025,83.2,10,8169.4,52394959.6,normal
66,38,0.576,156.9,6,15223.7,490050191.6,normal
1116,892,0.799,99.7,8,893.4,8956214.1,udp_flood
1386,1345,0.97,109.5,4,709.9,7303808.9,udp_flood
44,1,0.023,278.6,7,23069.1,605194792.2,normal
414,382,0.923,206.1,5,2406.5,34531179.3,normal
1192,1161,0.974,111.5,5,830.4,9558915.6,udp_flood
432,128,0.296,222.3,8,2266.0,24302438.7,udp_flood
1324,1189,0.898,110.5,5,725.9,6827276.3,udp_flood
1226,1132,0.923,107.2,6,807.7,6934652.4,udp_flood
979,966,0.987,111.9,4,1004.0,14207697.4,udp_flood
1311,1266,0.966,114.1,6,747.2,11805999.0,udp_flood
1074,875,0.815,102.0,6,926.8,6857998.6,udp_flood
1425,706,0.495,151.6,7,690.6,10062057.0,udp_flood
1294,1268,0.98,110.8,6,759.6,9407519.4,udp_flood
1311,1275,0.973,114.5,6,758.8,8948495.4,udp_flood
1286,1250,0.972,110.4,5,767.1,7786938.1,udp_flood
1175,1147,0.976,110.3,4,850.8,10045034.5,udp_flood
406,269,0.663,304.3,8,2443.9,11103697.6,udp_flood
1426,1166,0.818,102.8,6,698.8,2777932.0,udp_flood
54,13,0.241,137.3,6,18465.8,590021087.4,normal
100,1,0.01,120.3,5,9696.6,286834067.4,normal
1218,1173,0.963,111.1,7,816.6,15730970.1,udp_flood
138,110,0.797,252.1,5,7114.3,211244229.5,normal
1177,1104,0.938,109.9,5,840.3,6549904.0,udp_flood
75,15,0.2,97.0,6,13411.4,553400311.0,normal
1345,1091,0.811,117.0,4,737.4,8670330.0,udp_flood
180,11,0.061,79.9,6,5580.8,108053820.1,normal
1381,1247,0.903,115.5,6,715.9,10484890.5,udp_flood
1094,1042,0.952,112.1,5,889.9,13068762.7,udp_flood
1412,1081,0.766,120.2,3,705.2,8692294.5,udp_flood
1297,1239,0.955,108.6,4,755.3,8698870.5,udp_flood
1200,1175,0.979,111.0,4,823.7,9335809.9,udp_flood
1170,1132,0.968,112.0,6,840.0,14278775.4,udp_flood
94,28,0.298,116.6,5,9873.3,336577603.5,normal
1076,1032,0.959,110.0,5,912.0,8965605.6,udp_flood
1065,1006,0.945,170.1,6,923.5,10573439.5,normal
1107,912,0.824,122.8,4,894.5,12732756.8,udp_flood
1231,1016,0.825,105.2,6,812.4,3749227.0,udp_flood
1397,1091,0.781,98.8,6,714.5,3199649.7,udp_flood
39,8,0.205,110.6,7,25813.4,734470516.3,normal
1156,1123,0.971,110.4,6,860.5,9492934.3,udp_flood
1005,937,0.932,114.9,4,984.9,11174008.2,udp_flood
261,28,0.107,301.0,6,3698.3,33094469.4,normal
173,15,0.087,261.0,7,5567.5,128185785.0,normal
1084,1061,0.979,111.0,4,907.0,10766097.9,udp_flood
361,8,0.022,73.4,5,2777.1,25842582.6,normal
1066,1014,0.951,109.9,6,919.0,8689680.6,udp_flood
342,296,0.865,115.4,5,2926.7,19222054.5,udp_flood
114,7,0.061,133.8,5,8719.8,659645077.8,normal
227,112,0.493,184.3,6,4345.1,69258540.4,normal
1136,1113,0.98,111.3,4,875.2,12280448.1,udp_flood
992,872,0.879,106.0,6,1008.1,8166913.5,udp_flood
1033,889,0.861,117.4,7,965.8,10715982.4,udp_flood
1117,968,0.867,105.7,7,878.6,12442764.5,udp_flood
1173,1117,0.952,109.2,5,841.7,7562505.4,udp_flood
1424,1272,0.893,105.5,8,699.3,4787470.5,udp_flood
1292,1189,0.92,147.5,6,773.2,7040923.9,udp_flood
1166,1138,0.976,110.5,5,852.7,11185032.0,udp_flood
119,14,0.118,71.9,4,8224.7,22037593.3,normal
1110,1086,0.978,111.3,5,897.4,15479021.0,udp_flood
1152,1121,0.973,110.0,6,866.2,14211457.2,udp_flood
636,314,0.494,121.8,6,1565.6,22078655.6,udp_flood
43,1,0.023,179.3,5,23702.5,853857856.2,normal
1589,1231,0.775,106.1,8,627.8,2406470.4,udp_flood
274,67,0.245,133.8,6,3611.8,50297793.9,normal
312,131,0.42,123.2,5,3084.0,42761776.9,normal
1217,1156,0.95,110.8,5,775.0,12802165.6,udp_flood
1564,1367,0.874,105.2,4,637.2,3807178.8,udp_flood
218,4,0.018,212.3,7,4450.4,63963615.1,normal
55,6,0.109,153.6,7,18351.3,530039095.4,normal
96,35,0.365,277.9,6,10356.1,270306217.5,normal
1223,1055,0.863,121.5,6,813.4,6601689.1,udp_flood
96,5,0.052,94.0,6,9959.8,380820526.4,normal
44,20,0.455,171.1,5,22306.7,523343250.1,normal
1242,990,0.797,100.1,7,800.0,4088606.9,udp_flood
223,29,0.13,203.5,6,4449.1,129572599.7,normal
155,18,0.116,260.5,7,6278.9,212898055.5,normal
240,163,0.679,108.0,7,4155.9,65030267.9,normal
1071,1056,0.986,111.1,4,932.7,10052272.6,udp_flood
34,6,0.176,121.4,6,27926.9,1155620245.0,normal
1233,1208,0.98,119.7,3,807.0,9096302.8,udp_flood
489,362,0.74,138.3,6,2017.8,29353834.2,normal
140,79,0.564,124.4,6,7143.5,346777500.0,normal
123,27,0.22,89.2,8,8084.2,213499317.0,normal
211,12,0.057,183.1,5,4725.5,71838464.3,normal
1321,1055,0.799,108.3,5,753.3,3338854.8,udp_flood
161,142,0.882,177.4,4,6061.0,140183485.4,normal
1426,1004,0.704,114.9,6,698.1,4984853.0,udp_flood
1257,530,0.422,138.5,6,787.7,10600939.5,udp_flood
1619,1481,0.915,106.5,4,609.5,5649043.5,udp_flood
1126,1105,0.981,111.7,5,878.9,11179246.0,udp_flood
243,27,0.111,77.1,7,4088.5,52021507.8,normal
1140,993,0.871,120.4,6,865.1,13886319.1,udp_flood
84,6,0.071,127.5,5,11769.5,332282736.3,normal
116,45,0.388,109.8,4,8180.2,141892304.1,normal
124,3,0.024,104.1,4,7597.6,137616601.6,normal
63,23,0.365,122.2,6,15363.2,395163431.3,normal
321,56,0.174,143.8,6,3056.5,31941331.0,normal
443,84,0.19,238.6,6,2224.3,19330922.0,normal
1032,1011,0.98,111.4,5,934.4,8616861.6,udp_flood
138,0,0.0,110.4,6,7026.5,137777594.4,normal
1107,963,0.87,106.9,4,898.3,6113508.2,udp_flood
357,25,0.07,182.3,6,2779.6,19392119.6,normal
1257,1224,0.974,110.6,4,792.7,8826613.7,udp_flood
48,21,0.438,154.1,6,19945.5,320909691.8,normal
432,172,0.398,88.7,6,2315.2,15491962.5,udp_flood
1433,1025,0.715,108.1,7,674.0,2821363.4,udp_flood
1089,1045,0.96,109.6,6,913.1,11481859.4,udp_flood
75,52,0.693,309.5,5,12947.3,302002750.3,normal
1271,1247,0.981,110.9,6,785.3,7730203.2,udp_flood
68,44,0.647,157.2,3,14222.4,461672450.1,normal
1504,1121,0.745,128.9,5,659.5,5398204.0,udp_flood
28,10,0.357,159.2,5,35947.4,1362577549.5,normal
66,7,0.106,149.0,5,15248.8,283244266.2,normal
1337,1142,0.854,104.3,4,744.4,4436057.9,udp_flood
1607,1023,0.637,126.8,6,621.9,5698313.9,udp_flood
1088,1070,0.983,111.6,5,908.1,8641472.8,udp_flood
407,214,0.526,111.4,6,2449.2,32108889.9,normal
75,11,0.147,135.4,6,12972.3,290731953.8,normal
190,66,0.347,193.5,8,5262.5,80531697.4,normal
579,279,0.482,243.1,6,1721.2,11591755.8,udp_flood
1116,1097,0.983,111.1,4,882.4,13181916.6,udp_flood
84,55,0.655,202.7,5,11692.6,291343291.2,normal
1080,1067,0.988,111.8,4,924.1,13999150.1,udp_flood
98,22,0.224,92.3,5,10145.4,268872006.4,normal
1330,1123,0.844,102.0,7,752.2,3019972.1,udp_flood
944,892,0.945,111.3,5,1043.8,11472567.2,udp_flood
33,2,0.061,228.1,7,30777.0,503050804.1,normal
1339,886,0.662,133.9,7,742.3,3987081.2,udp_flood
152,45,0.296,144.9,5,6510.2,130237871.4,normal
65,29,0.446,130.2,9,14399.9,375130720.0,normal
999,698,0.699,107.6,7,997.6,17421120.1,udp_flood
476,304,0.639,210.8,5,2096.3,19736787.9,udp_flood
234,110,0.47,96.4,7,4177.0,49300588.6,udp_flood
104,48,0.462,165.5,7,9336.2,213278705.4,normal
201,159,0.791,232.2,5,4840.5,134827651.5,normal
404,384,0.95,201.8,5,2449.4,34846015.7,normal
1034,957,0.926,111.4,5,955.1,12029277.3,udp_flood
1321,1222,0.925,107.9,6,756.9,7070366.5,udp_flood
126,16,0.127,63.9,6,7669.8,146519946.8,normal
56,36,0.643,112.6,6,17457.4,504633156.8,normal
231,42,0.182,70.1,6,4342.4,33617481.0,normal
200,100,0.5,188.2,6,4828.0,87432100.6,normal
178,100,0.562,105.2,5,5314.3,149937378.2,normal
1210,1170,0.967,116.1,4,809.4,7267216.1,udp_flood
1388,1145,0.825,105.2,4,712.7,4894285.8,udp_flood
70,55,0.786,144.3,5,14038.0,505716049.0,normal
1392,1153,0.828,101.7,7,708.7,3687420.2,udp_flood
82,10,0.122,89.6,5,12034.9,382885533.8,normal
151,42,0.278,186.7,5,6513.4,195620818.9,normal
101,6,0.059,82.1,5,8802.4,243411669.8,normal
1202,1088,0.905,106.2,5,826.9,5249004.5,udp_flood
49,20,0.408,159.8,5,19199.4,976099842.8,normal
138,22,0.159,121.9,4,6981.3,389744464.7,normal
53,8,0.151,120.4,6,18744.4,664225929.2,normal
1188,1108,0.933,108.3,4,836.3,7130478.7,udp_flood
1256,946,0.753,112.9,6,784.9,4616293.1,udp_flood
1289,1093,0.848,116.6,5,773.1,8190770.4,udp_flood
979,933,0.953,114.4,6,1021.5,11939065.0,udp_flood
343,235,0.685,100.7,6,2902.3,36110458.6,normal
1063,928,0.873,105.9,9,933.9,11207965.9,udp_flood
631,249,0.395,181.2,7,1578.0,15868838.7,udp_flood
1148,1099,0.957,122.0,5,864.2,9038139.5,udp_flood
282,49,0.174,508.8,6,3516.7,53575293.3,normal
1261,1234,0.979,109.9,4,791.9,15276625.1,udp_flood
1239,977,0.789,139.7,5,782.0,5104710.6,udp_flood
1550,1121,0.723,118.7,5,637.9,7273772.7,udp_flood
1060,926,0.874,106.2,9,942.6,11052582.5,udp_flood
632,524,0.829,128.7,7,1565.7,24347678.0,normal
1157,1048,0.906,126.6,6,850.9,6538212.7,udp_flood
469,314,0.67,122.4,5,2129.6,11792056.4,udp_flood
271,16,0.059,68.5,6,3668.7,48059178.9,normal
1312,1182,0.901,106.2,6,749.8,7042059.3,udp_flood
1093,1052,0.962,109.8,3,912.6,9772484.0,udp_flood
147,3,0.02,65.5,8,6833.4,83284540.4,normal
42,17,0.405,148.3,6,22505.9,522176450.8,normal
1171,1038,0.886,126.2,7,851.8,7782329.6,udp_flood
1331,1085,0.815,99.5,7,737.6,4851051.9,udp_flood
506,303,0.599,134.1,6,1974.5,7868692.0,udp_flood
540,133,0.246,453.1,5,1817.9,15922411.4,normal
114,47,0.412,68.6,6,8746.7,221852269.8,normal
111,40,0.36,159.7,6,8895.8,157057565.3,normal
311,167,0.537,289.2,4,3223.6,31342165.8,normal
188,70,0.372,325.6,6,4952.3,75505112.0,normal
34,21,0.618,488.6,3,28972.0,1345814242.5,normal
1186,1160,0.978,110.7,5,834.4,10308544.0,udp_flood
576,301,0.523,137.3,6,1738.5,14030065.4,normal
163,7,0.043,88.6,5,6109.7,59159932.1,normal
1336,1130,0.846,115.3,5,725.3,5301755.0,udp_flood
52,1,0.019,120.6,5,19001.9,685413161.6,normal
213,84,0.394,245.5,6,4653.1,55489259.1,normal
207,2,0.01,85.8,5,4785.7,188841369.8,normal
2268,2253,0.993,110.8,5,435.1,7148277.2,udp_flood
306,188,0.614,120.3,4,3210.4,61388410.0,normal
1268,767,0.605,130.3,7,784.3,8273184.2,udp_flood
67,22,0.328,134.2,7,14562.8,341216372.9,normal
1321,1304,0.987,111.2,5,746.3,8324533.7,udp_flood
1181,1059,0.897,112.7,4,846.1,10444688.4,udp_flood
358,262,0.732,152.0,6,2756.3,35077927.8,normal
119,38,0.319,83.6,5,8284.5,134802542.5,normal
136,0,0.0,245.5,4,7330.4,171038257.8,normal
29,2,0.069,221.3,5,32941.3,700490364.5,normal
169,4,0.024,179.7,4,5755.2,84358813.9,normal
29,7,0.241,252.9,4,34691.5,469191123.5,normal
57,13,0.228,180.1,6,17246.9,658284269.4,normal
190,1,0.005,79.0,5,5257.2,44459752.1,normal
140,95,0.679,129.2,6,7006.7,86130952.2,udp_flood
148,29,0.196,88.8,7,6429.4,80616406.9,normal
593,291,0.491,196.5,7,1659.4,11727104.9,udp_flood
237,39,0.165,97.8,6,4189.3,41849460.7,normal
146,37,0.253,102.8,6,6654.7,190424141.1,normal
31,18,0.581,144.0,4,30922.6,756773595.4,normal
1450,881,0.608,133.1,5,681.9,11469793.6,udp_flood
411,160,0.389,184.7,6,2397.4,30479359.4,normal
249,122,0.49,87.8,4,3827.7,90006578.1,normal
