total_pkts,target_pkts,pkt_ratio,avg_pkt_size,unique_MACs,mean_IAT_us,IAT_variance
199,119,0.598,372.7,7,4983.7,64896606.2
110,20,0.182,169.0,6,9151.6,189159686.0
113,71,0.628,415.3,4,8908.2,166640314.2
1065,1006,0.945,170.1,6,923.5,10573439.5
481,280,0.582,231.2,7,2079.6,27388258.7
485,295,0.608,163.8,6,2044.1,13633918.4
433,250,0.577,250.3,5,2303.9,27140122.2
285,205,0.719,255.3,5,3506.4,52690152.4
456,274,0.601,234.2,7,2180.5,19372873.6
297,251,0.845,248.8,5,3326.7,40201059.3
193,161,0.834,245.2,6,5140.0,144699451.5
394,205,0.520,201.9,5,2533.3,20319067.2
411,160,0.389,184.7,6,2397.4,30479359.4
274,39,0.142,223.1,7,3608.2,30258085.5
240,40,0.167,218.4,7,4028.3,60274882.9
326,55,0.169,300.4,5,3053.5,18269580.3
286,2,0.007,207.7,7,3423.3,59100027.2
47,18,0.383,193.2,7,21198.5,773888907.3
75,38,0.507,174.6,6,13405.3,316759533.7
52,7,0.135,151.8,6,18678.0,531042903.4
41,14,0.341,155.3,6,23585.8,628876824.7
284,133,0.468,135.9,7,3521.1,28457486.4
92,8,0.087,86.9,7,10089.6,260186915.6
79,6,0.076,322.9,7,12056.6,309029814.0
151,7,0.046,130.0,6,6431.6,122080139.1
140,79,0.564,124.4,6,7143.5,346777500.0
117,76,0.650,66.6,5,7969.4,279227971.9
212,90,0.425,96.2,7,4698.1,35340207.0
155,20,0.129,156.4,7,6403.5,97675262.3
218,4,0.018,212.3,7,4450.4,63963615.1
162,11,0.068,358.8,7,6130.4,123855899.6
296,35,0.118,182.8,6,3352.3,18737524.3
248,41,0.165,156.6,7,3837.9,122383579.6
93,41,0.441,227.7,7,10588.9,276028293.9
223,86,0.386,373.3,7,4453.3,47410287.7
165,60,0.364,210.2,7,6071.3,75112623.4
206,47,0.228,259.5,7,4760.0,54008010.3
295,9,0.031,175.0,7,3400.2,27151108.2
195,7,0.036,196.7,9,5102.6,60249849.8
163,2,0.012,229.8,7,6158.3,141788063.9
236,22,0.093,192.5,7,3942.5,88016624.0
34,6,0.176,121.4,6,27926.9,1155620245.0
34,2,0.059,138.3,5,27926.9,1242255156.3
193,2,0.010,120.9,5,5047.9,31863376.5
159,35,0.220,175.9,7,6285.6,109166329.8
153,38,0.248,90.0,5,6396.8,69023043.0
69,2,0.029,83.9,7,13545.2,512026236.4
123,3,0.024,70.3,5,7455.6,135018573.6
72,33,0.458,257.8,5,13570.1,416922696.7
53,23,0.434,359.3,6,18491.8,746071877.2
75,35,0.467,148.9,7,12732.1,545588352.3
43,27,0.628,108.1,5,23303.5,775530157.4
27,5,0.185,132.7,6,31507.5,1019512878.2
116,22,0.190,108.4,4,8417.8,308956147.9
107,19,0.178,167.2,5,9114.7,264595506.0
31,2,0.065,130.4,6,30769.9,799621392.5
33,8,0.242,110.4,5,25600.0,1109794310.5
48,11,0.229,117.8,6,20149.3,573428781.9
59,36,0.610,249.8,4,15893.7,802590678.2
144,23,0.160,154.8,6,6611.0,69052581.8
109,52,0.477,481.7,6,8995.6,230893298.5
126,16,0.127,63.9,6,7669.8,146519946.8
110,24,0.218,66.8,6,8730.7,231620954.6
119,14,0.118,71.9,4,8224.7,22037593.3
85,33,0.388,69.2,7,10641.4,298598363.9
26,1,0.038,172.6,6,39890.6,1317109870.0
54,4,0.074,167.2,8,17926.0,759569125.7
57,13,0.228,120.0,4,16457.3,760928819.3
32,15,0.469,131.6,5,31581.7,1472448965.8
145,10,0.069,79.1,7,6617.1,115909599.2
145,89,0.614,152.9,8,6854.0,128239053.0
52,8,0.154,113.0,7,18494.5,808420548.8
39,2,0.051,118.4,8,25780.9,910195191.5
20,4,0.200,164.9,5,47827.7,1483332267.5
39,8,0.205,110.6,7,25813.4,734470516.3
121,18,0.149,159.2,7,7929.3,108940076.6
120,40,0.333,74.2,7,8249.2,134047105.0
138,30,0.217,72.2,7,7192.2,103158237.8
69,9,0.130,84.4,5,13585.0,420176921.9
218,6,0.028,60.4,6,4416.1,72839829.1
45,5,0.111,118.8,5,22181.2,591495589.5
15,1,0.067,244.8,5,60588.7,1459700419.9
59,1,0.017,124.7,7,16806.9,452556748.9
44,0,0.000,111.0,5,22447.1,1016033337.9
54,10,0.185,101.9,7,18491.0,389251017.2
156,16,0.103,65.4,5,6343.8,188211654.3
62,9,0.145,94.3,5,15565.5,788770611.8
23,0,0.000,239.3,4,42608.3,1106924138.9
101,17,0.168,177.7,7,9525.0,444978051.3
90,0,0.000,105.0,5,10667.5,480362625.8
98,42,0.429,106.5,8,9376.6,227202923.3
221,5,0.023,90.0,6,4538.8,23181419.0
211,12,0.057,183.1,5,4725.5,71838464.3
167,5,0.030,143.8,5,6019.4,100423740.3
78,2,0.026,117.7,8,12736.3,470530766.3
130,5,0.038,80.1,5,7667.3,20452698.6
63,27,0.429,105.7,5,15648.8,488210717.1
30,7,0.233,255.0,4,32760.6,1232953937.7
78,1,0.013,69.7,7,11959.5,774500763.1
27,12,0.444,168.6,5,35233.9,720529194.9
48,31,0.646,103.0,6,19663.1,648872731.4
146,33,0.226,70.7,4,6502.2,100141736.8
53,3,0.057,97.9,3,17708.6,1087054304.5
28,0,0.000,164.1,5,32638.2,1324653826.5
46,6,0.130,132.4,4,20506.8,413510756.3
139,51,0.367,149.0,7,7163.5,170720677.6
58,19,0.328,100.2,7,17183.8,523439938.4
136,2,0.015,74.5,6,7355.8,82952180.5
106,36,0.340,130.9,5,9504.3,207352808.5
204,2,0.010,101.3,7,4891.9,35038380.6
135,20,0.148,80.5,7,7271.5,238295874.1
165,16,0.097,67.2,6,6061.5,111286676.8
54,14,0.259,102.9,6,18629.8,572204250.4
28,10,0.357,159.2,5,35947.4,1362577549.5
57,13,0.228,180.1,6,17246.9,658284269.4
13,0,0.000,249.8,3,77005.7,1119654724.8
23,10,0.435,156.4,4,37591.5,1704149478.5
123,31,0.252,77.1,4,7553.6,253099768.6
126,15,0.119,68.6,6,7375.1,287405330.2
34,4,0.118,171.5,5,28122.6,1299708860.4
128,7,0.055,147.4,6,7358.5,222532481.9
48,30,0.625,470.3,5,21027.6,1009673139.0
122,89,0.730,254.0,4,7833.6,220411225.0
267,7,0.026,196.9,6,3598.2,67540962.8
104,17,0.163,104.1,5,9109.7,170165527.0
207,2,0.010,85.8,5,4785.7,188841369.8
191,86,0.450,80.9,4,5170.8,133209633.0
254,16,0.063,228.0,6,3857.2,29590571.3
75,31,0.413,77.4,4,13030.6,686574405.6
15,4,0.267,220.5,3,65918.5,2181503105.3
35,5,0.143,213.1,4,24244.7,1135531246.9
44,29,0.659,95.6,4,21879.9,793420835.9
49,20,0.408,159.8,5,19199.4,976099842.8
126,13,0.103,79.2,6,7846.1,160514757.3
117,21,0.179,88.4,4,8560.9,386627583.8
137,47,0.343,171.6,7,7218.0,266951765.4
297,31,0.104,70.5,6,3244.7,113757195.4
186,0,0.000,122.8,5,4909.7,129619112.5
55,1,0.018,89.7,8,17030.7,956067670.8
171,0,0.000,75.6,5,5643.3,88203932.2
119,38,0.319,83.6,5,8284.5,134802542.5
178,31,0.174,63.0,6,5395.6,91981095.6
107,36,0.336,123.2,8,9295.9,247134582.9
138,0,0.000,69.0,6,7032.7,273211013.9
58,1,0.017,96.8,6,17195.8,697689188.4
48,0,0.000,101.3,5,20760.1,992135136.3
28,4,0.143,116.1,5,36958.8,1581598392.9
17,0,0.000,180.5,2,56992.9,2067824452.1
78,8,0.103,135.9,6,12389.4,552338740.3
193,26,0.135,80.6,5,5085.7,84824626.5
121,28,0.231,109.8,5,8314.4,330934176.4
66,6,0.091,96.7,6,14772.8,455784731.5
30,12,0.400,141.1,4,32900.4,979678624.9
34,4,0.118,305.9,3,27931.8,1267958202.5
14,5,0.357,217.4,2,63012.2,1520698802.4
106,2,0.019,83.0,5,9395.0,58829136.7
85,29,0.341,91.5,4,11276.0,262730689.8
124,7,0.056,75.3,4,7787.3,227242895.2
69,1,0.014,84.1,5,13163.8,474413529.5
162,0,0.000,69.9,5,6119.3,214614567.0
54,1,0.019,120.4,6,17469.8,838756888.1
97,3,0.031,68.5,5,9603.1,466549116.4
27,16,0.593,144.6,3,35457.5,1662845343.4
13,4,0.308,236.2,2,73248.6,1171414415.2
21,6,0.286,189.3,4,48265.9,1444155926.8
261,28,0.107,301.0,6,3698.3,33094469.4
85,22,0.259,80.4,5,11795.0,611565077.7
13,0,0.000,266.8,3,71342.6,1738016812.8
43,28,0.651,220.7,4,23485.0,819091020.0
25,1,0.040,148.8,5,40485.6,1446045728.1
67,13,0.194,84.2,6,13930.6,505015054.1
117,8,0.068,72.7,5,8014.3,98861555.7
101,3,0.030,82.7,8,9285.6,115547163.9
206,42,0.204,112.6,7,4716.3,67710231.6
114,47,0.412,68.6,6,8746.7,221852269.8
115,3,0.026,70.6,5,7988.7,490136184.5
147,40,0.272,87.0,7,6746.8,186325196.3
33,19,0.576,137.2,5,28799.8,982913045.2
43,1,0.023,113.9,6,22186.2,1007249785.1
25,0,0.000,184.7,5,41259.7,793293384.1
34,18,0.529,279.5,5,27145.1,1111379279.7
117,18,0.154,102.4,7,8552.4,206783261.9
120,49,0.408,168.6,6,8085.8,157755256.0
41,8,0.195,133.8,6,24286.9,847562327.5
85,1,0.012,101.5,5,11223.7,434505605.0
30,0,0.000,146.3,5,33121.5,1102651239.8
31,1,0.032,166.5,6,31952.8,1040756302.7
168,0,0.000,75.7,5,5968.3,35988817.7
146,14,0.096,69.4,6,6503.9,123351837.3
149,6,0.040,70.9,5,6436.0,136913676.2
72,1,0.014,108.5,7,13274.5,466165367.1
181,0,0.000,60.3,7,5240.6,201212801.8
61,2,0.033,93.4,6,15517.8,778649375.7
25,1,0.040,224.1,5,39808.8,1093324723.5
31,5,0.161,178.5,5,32320.0,1318500464.9
24,0,0.000,214.8,3,40822.2,1690289420.5
34,21,0.618,488.6,3,28972.0,1345814242.5
115,24,0.209,72.9,4,7866.3,190444106.3
75,15,0.200,97.0,6,13411.4,553400311.0
28,1,0.036,133.8,4,35165.1,1674127148.8
49,8,0.163,114.4,6,20428.5,786468807.9
42,11,0.262,126.9,6,23020.7,1091503441.5
60,9,0.150,108.3,5,16633.9,634887083.2
108,4,0.037,75.8,5,9288.8,108698683.2
82,10,0.122,89.6,5,12034.9,382885533.8
106,0,0.000,76.6,4,8708.5,231430603.5
59,1,0.017,99.7,5,17147.1,1090543553.4
137,0,0.000,64.4,4,6979.1,240374952.1
92,4,0.043,80.5,7,10613.2,363164373.5
42,1,0.024,195.9,6,21369.0,932184819.9
77,1,0.013,64.2,7,13131.8,806251324.7
47,0,0.000,172.8,6,20498.5,947681510.3
76,40,0.526,118.4,6,12287.7,375332596.0
137,21,0.153,72.4,5,7208.3,174041880.9
167,78,0.467,87.0,5,5501.3,163645046.5
60,34,0.567,98.0,6,15558.2,579279141.7
97,38,0.392,159.4,7,10266.3,323833505.5
89,46,0.517,198.2,5,11153.4,486128632.4
83,12,0.145,83.5,8,11930.5,508156454.8
151,3,0.020,78.8,6,6600.5,52523254.0
121,3,0.025,83.2,10,8169.4,52394959.6
147,3,0.020,65.5,8,6833.4,83284540.4
90,12,0.133,91.2,5,11166.0,349427114.4
204,3,0.015,177.8,6,4774.5,143297605.2
257,16,0.062,161.3,9,3856.8,74543345.3
99,18,0.182,336.8,4,10169.0,330081349.0
129,15,0.116,170.5,5,7471.6,217691550.2
155,18,0.116,260.5,7,6278.9,212898055.5
188,35,0.186,193.7,7,5304.4,117619378.5
357,19,0.053,340.4,7,2795.3,16133912.3
130,10,0.077,223.8,8,7635.0,203893606.6
64,0,0.000,371.8,6,14486.6,632219852.6
242,5,0.021,408.4,9,4059.5,130087677.0
86,3,0.035,218.2,9,11028.6,193510953.4
96,26,0.271,117.8,9,10201.9,175073851.4
150,0,0.000,77.3,7,6381.9,47102549.0
145,28,0.193,89.3,6,6826.5,113323805.5
178,31,0.174,114.6,8,5565.4,57138548.2
108,2,0.019,76.7,7,9047.7,278014791.0
118,0,0.000,72.3,6,7075.8,179443693.0
17,2,0.118,203.8,4,57598.4,1593650307.7
15,0,0.000,234.9,4,65827.1,1516053451.5
31,8,0.258,272.8,6,31170.8,1437826520.1
104,38,0.365,112.7,5,8710.4,314501281.6
91,1,0.011,73.7,6,10971.3,431335657.7
212,10,0.047,62.6,7,4715.9,38026984.4
83,27,0.325,126.0,6,11701.1,527303785.1
36,1,0.028,141.5,4,26378.6,879433703.8
56,36,0.643,112.6,6,17457.4,504633156.8
114,7,0.061,133.8,5,8719.8,659645077.8
138,22,0.159,121.9,4,6981.3,389744464.7
150,47,0.313,126.6,6,6677.5,97977453.4
163,39,0.239,64.5,7,5766.7,104079453.6
143,12,0.084,72.2,6,6887.8,213814601.1
54,4,0.074,95.4,5,17734.7,574851984.5
95,0,0.000,63.4,5,9810.4,452353587.9
38,22,0.579,93.6,6,23731.3,804504445.6
65,49,0.754,141.0,6,14618.0,566442855.3
53,18,0.340,133.3,8,17723.0,392098962.9
40,0,0.000,155.2,6,23714.3,887434795.5
186,38,0.204,103.9,8,4991.9,194889553.4
357,25,0.070,182.3,6,2779.6,19392119.6
187,10,0.053,175.4,5,5041.7,74749353.5
38,7,0.184,224.1,7,25869.3,917786407.8
52,1,0.019,120.6,5,19001.9,685413161.6
68,16,0.235,115.7,5,13778.5,428126436.4
77,51,0.662,140.8,7,12847.7,347104272.5
203,36,0.177,78.0,6,4776.0,46507441.8
231,94,0.407,168.3,6,4323.8,81343819.7
230,66,0.287,112.9,6,4332.6,46385642.2
120,14,0.117,75.2,5,7779.1,282088295.9
23,6,0.261,251.3,6,44129.4,1545358657.7
38,4,0.105,172.2,6,26289.6,661672530.0
38,9,0.237,183.9,5,26456.1,988478321.9
33,17,0.515,131.3,5,29829.8,1139417308.6
74,31,0.419,94.9,6,13297.6,521599265.4
46,20,0.435,146.5,4,21187.1,795369070.9
152,29,0.191,113.8,5,6576.5,86541604.2
154,24,0.156,60.8,5,5932.5,203725612.3
62,0,0.000,100.1,4,16071.6,819913435.2
139,1,0.007,76.1,5,7115.9,251052586.4
35,0,0.000,157.7,4,27504.1,1286672561.2
21,1,0.048,193.5,5,48657.2,1135647422.0
117,5,0.043,77.4,4,8480.3,158019694.9
115,22,0.191,87.1,6,8333.4,163399957.6
128,10,0.078,74.3,6,7633.6,122892659.4
69,9,0.130,96.1,5,14272.3,774101251.1
28,1,0.036,241.9,5,34162.0,1255847189.6
57,33,0.579,306.4,5,16466.3,616426137.8
26,5,0.192,224.5,6,36863.8,1515391656.8
18,1,0.056,209.3,5,54295.7,1165837563.0
33,17,0.515,343.8,5,20821.7,801780703.8
22,1,0.045,174.3,5,43905.1,1374454158.2
109,16,0.147,75.1,5,8789.3,482728266.5
106,36,0.340,109.1,6,9428.0,269743505.7
67,37,0.552,119.9,6,14045.9,651666611.2
72,11,0.153,133.7,6,13198.3,509009741.6
48,15,0.312,177.4,4,20148.7,524038884.1
53,8,0.151,120.4,6,18744.4,664225929.2
133,0,0.000,74.5,4,6906.5,136009811.5
175,41,0.234,268.3,5,5586.9,133138291.5
126,3,0.024,71.8,6,7606.6,266497877.3
93,18,0.194,142.8,5,10017.4,236697930.6
32,12,0.375,196.2,6,27984.5,961074175.5
27,2,0.074,190.7,6,35842.2,1316377769.3
63,0,0.000,135.7,5,15280.1,504553391.1
40,1,0.025,134.8,5,24366.7,926388527.9
23,4,0.174,299.8,5,44914.8,1091380800.5
120,110,0.917,301.9,2,7658.3,312392844.6
116,45,0.388,109.8,4,8180.2,141892304.1
123,6,0.049,128.4,5,7800.8,394837608.7
20,6,0.300,174.6,4,51412.9,1834765707.2
15,0,0.000,226.5,4,58696.6,1251733053.8
38,18,0.474,196.7,4,24953.4,1188487410.9
139,119,0.856,317.3,5,6843.5,193259879.8
203,29,0.143,87.1,6,4915.0,35914709.4
286,167,0.584,172.6,6,3344.1,60491555.1
180,9,0.050,93.8,6,5368.4,61740585.1
232,126,0.543,313.5,7,4280.1,53102982.9
94,24,0.255,117.0,7,10517.7,246366219.8
75,35,0.467,190.7,7,13319.2,361914577.4
87,1,0.011,69.6,7,11283.2,612654693.8
19,0,0.000,285.9,3,51200.2,938763174.6
25,1,0.040,266.5,5,40380.5,999159389.5
124,4,0.032,144.6,6,7980.4,249269224.8
159,55,0.346,97.7,6,6076.6,67798815.5
89,20,0.225,79.1,6,11080.5,396568400.4
19,1,0.053,251.4,5,51535.6,936307915.4
124,3,0.024,104.1,4,7597.6,137616601.6
386,102,0.264,230.1,5,2589.0,26194309.1
108,70,0.648,166.3,7,8647.4,249055977.9
216,52,0.241,59.0,5,4483.8,120011495.0
128,0,0.000,113.4,6,7714.8,152553013.5
186,10,0.054,72.8,7,5307.3,70035201.3
68,0,0.000,131.2,6,13750.4,357909684.8
62,29,0.468,160.9,5,15901.8,377618419.5
42,17,0.405,148.3,6,22505.9,522176450.8
49,10,0.204,143.7,6,20539.1,448291219.0
44,7,0.159,222.0,6,21432.7,549142793.0
96,58,0.604,174.3,5,10205.1,261987500.6
41,19,0.463,244.9,5,23113.9,692663305.1
106,13,0.123,76.7,6,8973.7,333772577.8
135,19,0.141,82.0,6,7277.3,155587128.5
73,43,0.589,121.2,5,13547.4,335688825.7
96,5,0.052,94.0,6,9959.8,380820526.4
193,30,0.155,139.4,7,5155.8,165885525.3
50,3,0.060,154.4,7,19148.6,738558378.0
139,4,0.029,73.0,6,7176.6,92375981.4
194,53,0.273,157.7,6,5124.5,114344185.5
226,4,0.018,79.0,6,4356.7,100342751.4
95,0,0.000,81.5,5,9931.8,367255145.6
28,4,0.143,205.1,5,34126.3,947262567.4
30,0,0.000,172.1,3,33131.3,1588303092.7
36,16,0.444,159.0,5,27106.6,605150250.2
55,6,0.109,112.6,6,17618.8,451865557.2
51,24,0.471,131.0,6,18661.0,496092010.7
47,19,0.404,128.7,7,20034.2,612249807.5
150,27,0.180,78.7,5,6185.3,121013868.2
73,4,0.055,82.3,3,12838.4,847087213.8
33,17,0.515,147.9,4,27336.7,1194653119.8
81,0,0.000,95.3,5,12029.5,437823735.5
180,11,0.061,79.9,6,5580.8,108053820.1
454,28,0.062,562.4,5,2197.7,35198107.4
567,156,0.275,178.0,6,1666.0,10910085.3
219,19,0.087,201.4,6,4500.1,41382380.7
443,84,0.190,238.6,6,2224.3,19330922.0
251,83,0.331,227.6,6,3962.3,31984819.9
480,305,0.635,228.3,7,2042.4,25682540.6
456,210,0.461,214.2,6,2158.1,24742369.4
317,257,0.811,160.1,5,3114.0,38806205.5
404,384,0.950,201.8,5,2449.4,34846015.7
460,377,0.820,138.7,5,2157.8,33989091.7
402,384,0.955,124.1,6,2446.3,54714226.1
457,276,0.604,98.2,7,2138.2,23461417.0
169,105,0.621,113.9,4,5636.8,164521070.2
29,2,0.069,221.3,5,32941.3,700490364.5
289,40,0.138,82.7,3,3376.8,57739403.6
266,10,0.038,71.4,6,3736.5,43855760.1
76,0,0.000,131.9,5,12863.1,304309995.2
178,1,0.006,93.5,6,5487.8,37921182.0
187,31,0.166,117.9,6,5130.0,54944705.3
407,214,0.526,111.4,6,2449.2,32108889.9
348,283,0.813,115.8,4,2723.6,39187216.0
19,2,0.105,291.3,3,51195.7,1158683976.7
31,4,0.129,205.4,5,30719.2,810403699.2
44,14,0.318,160.5,4,21421.7,590217170.0
45,1,0.022,168.3,5,21794.9,523121973.9
29,1,0.034,321.5,5,34024.7,551401087.8
48,19,0.396,173.2,6,21102.7,509290021.5
183,50,0.273,88.8,6,5301.2,142967920.1
94,10,0.106,97.4,6,10677.4,204025202.0
238,196,0.824,133.4,6,4057.0,102030561.9
495,411,0.830,134.9,5,1983.6,47371396.2
216,113,0.523,102.6,5,4243.1,68881685.0
97,23,0.237,94.0,5,10191.2,295049760.5
169,3,0.018,77.9,6,5729.2,108077625.6
187,2,0.011,75.9,6,5050.0,105462745.5
229,1,0.004,216.5,6,4293.3,104442326.9
78,1,0.013,116.5,5,12472.1,458273725.5
292,236,0.808,120.3,5,3298.7,89551412.1
280,265,0.946,118.3,4,3454.7,101518423.8
158,131,0.829,117.0,4,6316.3,244309034.7
26,11,0.423,199.5,5,37047.8,1456298950.4
12,2,0.167,268.2,2,83781.2,1256844834.6
21,0,0.000,204.9,5,46079.2,1585058379.7
161,42,0.261,79.9,6,6107.5,84692107.6
71,8,0.113,121.1,5,14063.1,319607819.6
61,39,0.639,135.2,5,16156.7,419482314.3
153,17,0.111,120.5,6,6328.5,338406489.9
399,21,0.053,72.4,6,2495.6,15860751.4
117,75,0.641,139.0,6,8441.8,200541506.0
227,112,0.493,184.3,6,4345.1,69258540.4
311,167,0.537,289.2,4,3223.6,31342165.8
300,153,0.510,171.2,6,3262.0,32457363.9
265,150,0.566,179.8,6,3744.1,38759273.4
160,83,0.519,216.6,5,6257.2,170834703.3
114,94,0.825,294.6,5,8501.2,183467781.1
149,119,0.799,282.3,5,6587.2,165707514.5
162,138,0.852,327.6,5,6123.2,121816923.1
116,102,0.879,346.0,4,8588.1,168793848.6
70,55,0.786,144.3,5,14038.0,505716049.0
102,10,0.098,93.5,6,9712.8,105600690.0
80,10,0.125,110.3,4,11662.1,325152720.2
87,70,0.805,194.1,4,10715.1,244237394.7
109,4,0.037,91.5,5,9145.6,317796452.9
190,1,0.005,79.0,5,5257.2,44459752.1
164,9,0.055,135.2,6,5939.1,116902436.8
201,18,0.090,71.9,6,4893.0,35012255.9
175,19,0.109,76.0,6,5641.6,64231763.3
173,13,0.075,79.5,6,5564.6,112077423.5
110,23,0.209,86.4,5,8902.4,304789437.6
72,38,0.528,236.0,5,13826.5,378690093.7
41,22,0.537,171.2,4,22988.1,605398619.9
21,1,0.048,251.6,6,47543.9,1435048378.6
42,17,0.405,185.4,4,22824.6,576953330.0
61,32,0.525,166.5,5,16238.1,575586852.0
94,28,0.298,116.6,5,9873.3,336577603.5
115,24,0.209,86.6,4,8582.2,164319501.9
75,18,0.240,98.0,4,12960.7,336908467.0
155,18,0.116,103.0,5,6014.6,131076639.9
362,15,0.041,68.6,7,2744.2,26088530.1
620,47,0.076,79.0,6,1596.0,5107221.9
361,8,0.022,73.4,5,2777.1,25842582.6
597,59,0.099,73.7,6,1668.3,4756167.2
345,33,0.096,214.7,7,2889.1,11441427.4
445,27,0.061,88.3,6,2222.2,5104748.5
160,0,0.000,167.8,4,6110.8,94268754.8
115,8,0.070,400.8,4,8183.5,121595715.9
45,18,0.400,174.0,5,20945.0,435298936.7
41,27,0.659,238.1,4,24229.8,877869857.8
76,16,0.211,127.1,5,12919.8,791252202.1
200,100,0.500,188.2,6,4828.0,87432100.6
97,36,0.371,157.3,5,10382.2,236331498.8
101,6,0.059,82.1,5,8802.4,243411669.8
82,15,0.183,62.8,3,11375.6,652180832.4
66,28,0.424,145.8,4,14780.2,552253365.5
74,7,0.095,108.4,4,12663.3,482319080.5
238,1,0.004,73.2,5,3947.5,153135644.5
144,49,0.340,175.0,7,6880.1,188089975.7
181,2,0.011,74.1,8,5528.7,46206057.6
219,17,0.078,170.3,5,4524.1,81920345.8
190,17,0.089,131.8,7,4989.5,107295125.0
101,16,0.158,105.0,7,9266.7,337032269.2
65,17,0.262,161.5,5,15048.8,647519562.6
106,2,0.019,458.4,6,8934.5,307658831.7
111,30,0.270,248.7,7,8964.1,159975757.6
98,66,0.673,198.7,6,8941.7,272888606.7
84,55,0.655,202.7,5,11692.6,291343291.2
75,52,0.693,309.5,5,12947.3,302002750.3
148,37,0.250,85.5,4,6748.1,184878474.5
158,16,0.101,72.8,5,5942.6,174008895.7
25,1,0.040,261.4,6,40164.8,474805640.0
129,0,0.000,92.9,6,7771.3,177406206.1
28,9,0.321,140.8,5,36349.0,1298819782.7
44,27,0.614,110.2,5,21319.9,1137323094.7
242,107,0.442,112.2,5,4079.0,85336267.7
387,266,0.687,154.4,6,2499.3,41232575.5
143,44,0.308,68.6,5,6895.1,146826508.5
79,1,0.013,84.8,5,12045.5,556820147.1
43,10,0.233,145.9,6,23689.0,671273507.1
72,12,0.167,218.0,6,13532.4,490919384.3
64,10,0.156,128.4,7,14940.8,335748763.3
52,15,0.288,155.2,7,18744.1,329357209.0
114,88,0.772,193.8,5,8151.8,268396661.2
21,1,0.048,259.0,5,46080.0,839206485.6
133,20,0.150,74.8,4,7253.0,210303287.6
198,83,0.419,96.8,5,4976.7,133605026.9
28,3,0.107,147.1,6,34891.6,1028859993.5
67,25,0.373,145.2,4,14911.9,713166213.5
21,4,0.190,175.6,4,46080.6,1885859069.8
31,18,0.581,144.0,4,30922.6,756773595.4
148,3,0.020,67.0,5,6492.6,149000956.1
191,49,0.257,178.6,5,5235.8,65821372.5
237,39,0.165,97.8,6,4189.3,41849460.7
108,38,0.352,157.3,6,8891.9,156365509.4
44,19,0.432,160.7,6,22995.3,717798029.8
33,0,0.000,187.0,4,28143.6,729238049.4
44,20,0.455,171.1,5,22306.7,523343250.1
48,24,0.500,234.2,5,20032.1,338896233.8
44,5,0.114,127.7,6,22823.8,1183566446.5
99,2,0.020,135.4,7,9986.8,277411705.8
187,69,0.369,82.0,6,5281.9,76237393.2
120,3,0.025,111.0,6,7998.6,179336073.9
105,4,0.038,109.9,5,8852.1,327418119.0
133,0,0.000,98.3,4,7377.5,188177817.3
183,3,0.016,83.8,6,5436.3,74189475.8
81,0,0.000,127.6,5,12465.9,403822138.0
311,27,0.087,89.8,7,3211.7,12395529.2
243,50,0.206,75.4,5,4067.4,57072213.4
194,45,0.232,86.9,6,5166.5,70666655.7
149,53,0.356,213.1,6,6524.2,155108960.0
167,28,0.168,113.4,7,5950.8,46679475.6
185,110,0.595,153.7,6,5393.6,81148352.9
38,16,0.421,200.4,4,25802.4,503852659.9
100,1,0.010,120.3,5,9696.6,286834067.4
156,35,0.224,136.9,6,6207.9,57061575.7
139,44,0.317,148.6,5,7140.1,98068059.0
347,173,0.499,122.3,7,2802.3,33370920.6
240,163,0.679,108.0,7,4155.9,65030267.9
193,112,0.580,94.5,6,5004.6,95859523.5
192,40,0.208,98.0,6,4872.3,83187163.0
216,1,0.005,86.4,6,4635.8,29978112.0
93,0,0.000,108.3,5,10758.4,245174161.7
251,61,0.243,197.5,6,3944.9,36999082.3
150,0,0.000,85.6,6,6616.6,111264566.0
209,29,0.139,84.0,5,4695.5,42084804.5
87,27,0.310,167.2,6,11450.8,331124612.2
43,5,0.116,220.4,5,23043.8,452270316.2
37,10,0.270,209.6,6,25625.5,257198470.8
55,6,0.109,153.6,7,18351.3,530039095.4
84,49,0.583,140.5,5,11546.8,226820330.5
118,45,0.381,167.5,7,8236.0,149440614.2
178,100,0.562,105.2,5,5314.3,149937378.2
343,235,0.685,100.7,6,2902.3,36110458.6
108,36,0.333,118.1,6,8929.4,193669807.8
75,11,0.147,135.4,6,12972.3,290731953.8
184,57,0.310,83.5,7,5439.4,79221230.4
214,36,0.168,113.2,5,4394.9,41255593.4
112,24,0.214,134.7,5,8742.3,185753042.0
327,32,0.098,72.2,7,3041.7,22934536.1
466,204,0.438,92.8,8,2135.6,22639493.9
427,294,0.689,99.6,7,2286.4,30085933.2
123,27,0.220,89.2,8,8084.2,213499317.0
107,37,0.346,154.2,7,8678.5,215111007.5
33,3,0.091,212.9,7,30015.5,504797233.7
145,84,0.579,141.0,8,6429.4,150214016.7
39,10,0.256,189.1,7,25906.8,568063980.4
48,21,0.438,154.1,6,19945.5,320909691.8
54,13,0.241,137.3,6,18465.8,590021087.4
148,29,0.196,88.8,7,6429.4,80616406.9
104,29,0.279,103.0,8,9563.1,145524280.5
24,1,0.042,259.2,5,40069.7,345671638.5
104,0,0.000,105.5,3,9596.0,333358181.6
164,22,0.134,80.6,6,6023.2,75325513.9
146,37,0.253,102.8,6,6654.7,190424141.1
253,24,0.095,70.0,7,3934.8,40632088.1
142,1,0.007,74.4,8,6848.0,74550706.9
103,34,0.330,96.8,6,9675.8,160712739.6
196,169,0.862,128.9,4,4987.8,201645610.7
14,1,0.071,233.9,4,70891.1,1654072630.1
134,104,0.776,174.7,7,6933.7,133922051.4
50,30,0.600,139.0,7,19686.7,772913385.3
119,76,0.639,130.0,7,8367.0,234236663.5
159,23,0.145,234.9,7,6238.1,152967876.6
54,7,0.130,186.9,7,18518.0,336771195.3
135,29,0.215,96.5,6,7173.5,210485132.5
139,25,0.180,177.2,7,6953.4,110455844.1
83,20,0.241,125.8,6,11954.3,297532365.8
116,16,0.138,95.9,7,8566.4,154370603.5
524,37,0.071,62.5,6,1909.0,27861003.3
371,22,0.059,67.3,6,2702.1,44646780.2
385,32,0.083,71.6,7,2592.6,12024181.2
230,30,0.130,80.4,7,4298.8,58925445.1
235,167,0.711,130.6,6,4146.5,96164816.8
26,1,0.038,265.2,6,39492.8,467207946.3
55,25,0.455,256.7,4,18239.4,541867657.9
66,15,0.227,202.3,5,15234.1,386565062.0
103,46,0.447,167.3,7,9020.6,261979572.3
88,54,0.614,139.6,6,11248.7,273223961.1
79,51,0.646,191.1,5,12189.9,282594449.3
140,66,0.471,313.0,6,7084.8,190644719.1
245,87,0.355,75.8,6,4077.4,78576636.5
239,161,0.674,164.3,5,4078.6,112201891.0
219,139,0.635,89.5,6,4415.4,235676098.8
211,68,0.322,129.3,5,4722.2,87616744.2
362,71,0.196,99.5,5,2761.0,31939992.2
150,47,0.313,244.4,4,6634.4,130136831.9
360,45,0.125,171.9,7,2784.3,17183096.1
331,158,0.477,299.3,6,2945.7,36643043.6
306,102,0.333,286.5,7,3224.8,40395787.8
95,32,0.337,235.9,6,10208.7,220781182.2
110,90,0.818,282.5,3,8919.9,245653081.9
184,140,0.761,109.5,4,5324.6,190688336.0
116,58,0.500,121.4,7,8653.4,246323298.2
32,0,0.000,337.2,5,29779.5,546977914.3
188,70,0.372,325.6,6,4952.3,75505112.0
201,159,0.791,232.2,5,4840.5,134827651.5
213,84,0.394,245.5,6,4653.1,55489259.1
126,57,0.452,97.8,6,7945.1,185317057.3
67,22,0.328,134.2,7,14562.8,341216372.9
161,26,0.161,86.4,5,6023.0,169447001.2
274,67,0.245,133.8,6,3611.8,50297793.9
154,53,0.344,74.3,6,6376.7,152244813.1
283,29,0.102,81.5,6,3529.3,24522862.7
243,27,0.111,77.1,7,4088.5,52021507.8
90,38,0.422,97.1,5,11180.4,209191640.9
90,65,0.722,92.7,4,11034.8,323247570.1
21,1,0.048,170.7,7,45485.3,1745678856.0
44,0,0.000,163.6,7,22166.1,864891752.4
215,148,0.688,111.9,7,4567.8,83491685.8
85,20,0.235,146.7,8,11687.3,424607104.5
39,2,0.051,183.5,7,25027.7,453510046.6
29,0,0.000,241.0,4,34284.2,580642415.1
123,31,0.252,98.5,4,7867.6,178973710.7
175,105,0.600,408.8,5,5664.8,62831020.1
69,47,0.681,121.9,5,13896.1,373682286.1
216,0,0.000,76.6,2,4593.6,91788391.1
378,10,0.026,62.3,7,2637.1,43432679.7
682,31,0.045,54.2,4,1456.0,3652612.7
519,55,0.106,64.2,7,1909.7,6623870.0
436,25,0.057,53.6,7,2260.1,18310878.6
312,131,0.420,123.2,5,3084.0,42761776.9
176,91,0.517,117.1,7,5494.8,96461676.4
27,5,0.185,159.9,7,37706.9,1323782642.1
18,0,0.000,263.8,5,51265.4,1590351711.7
34,1,0.029,217.3,6,29617.9,444035861.9
66,0,0.000,144.7,5,15379.2,530697416.1
47,14,0.298,155.0,6,21437.3,602257159.9
113,88,0.779,173.5,6,8195.4,217437830.7
122,29,0.238,95.1,4,8227.1,78522132.3
107,20,0.187,131.4,5,9346.2,136431587.6
69,24,0.348,168.7,7,14455.6,274201342.9
157,39,0.248,148.6,8,6258.6,119625766.2
335,243,0.725,125.4,5,2956.9,62358069.9
66,7,0.106,149.0,5,15248.8,283244266.2
408,25,0.061,85.4,7,2320.6,15691156.5
345,50,0.145,69.7,7,2722.4,18691484.9
103,1,0.010,97.5,8,9410.1,269518350.2
52,22,0.423,278.0,6,18986.0,366120967.8
65,16,0.246,126.8,8,14629.8,308995542.6
69,23,0.333,139.2,6,14663.2,292333592.7
68,23,0.338,130.9,6,14429.3,339241295.7
31,0,0.000,216.9,4,31994.5,710887362.7
86,50,0.581,142.2,6,10847.4,259510266.1
33,2,0.061,228.1,7,30777.0,503050804.1
158,30,0.190,85.7,6,6200.6,68111555.7
98,6,0.061,107.7,4,9895.8,267956392.9
31,3,0.097,254.5,5,31941.7,563669995.3
165,2,0.012,90.6,4,5951.0,140263182.9
75,19,0.253,106.7,5,13049.6,442411489.0
75,1,0.013,122.1,7,13329.8,542526205.3
335,13,0.039,65.6,6,2963.2,36117032.1
282,0,0.000,65.7,5,3468.3,55580373.9
84,1,0.012,125.8,6,11876.6,315637081.0
58,32,0.552,179.1,6,17141.0,421397414.8
29,7,0.241,252.9,4,34691.5,469191123.5
67,47,0.701,124.8,4,15047.1,420111616.5
178,152,0.854,153.1,5,5569.3,157367252.5
52,14,0.269,142.2,7,18313.8,335166710.6
52,27,0.519,168.8,5,18957.4,428252727.2
31,11,0.355,215.2,4,30802.2,430021098.9
114,10,0.088,99.3,5,8842.2,184277121.8
93,15,0.161,108.5,5,10722.1,192557206.7
30,1,0.033,238.9,5,33234.9,739086730.8
138,0,0.000,110.4,6,7026.5,137777594.4
96,14,0.146,107.5,5,9700.9,253805332.8
84,1,0.012,110.5,5,11623.7,341412215.6
400,1,0.002,75.3,7,2495.2,14463785.8
343,0,0.000,178.4,6,2908.9,16282403.8
288,25,0.087,226.9,8,3453.4,33525695.6
315,188,0.597,141.7,6,3105.6,61988984.2
191,75,0.393,178.4,7,5004.0,124804436.9
72,0,0.000,221.5,6,13782.6,266579548.4
120,1,0.008,292.6,7,8144.8,149724267.1
175,18,0.103,293.8,6,5677.7,72653832.2
354,36,0.102,258.4,8,2772.4,41703799.3
370,56,0.151,225.8,7,2691.4,18066759.4
214,45,0.210,198.6,6,4545.2,50881763.1
139,13,0.094,156.9,7,7020.9,100513495.5
104,48,0.462,165.5,7,9336.2,213278705.4
120,4,0.033,111.4,6,8291.4,147154631.9
128,13,0.102,96.3,6,7557.0,234968116.4
90,35,0.389,200.3,5,10365.2,305351354.1
619,288,0.465,76.3,6,1615.9,13111358.9
595,289,0.486,101.9,8,1667.1,19300218.8
489,259,0.530,140.0,5,2018.8,18512692.3
189,133,0.704,122.7,7,5158.6,164433776.3
39,17,0.436,142.7,6,25653.7,1117584447.5
17,0,0.000,181.2,3,55711.2,1821507361.5
40,21,0.525,149.6,5,24865.4,621951829.0
74,50,0.676,144.1,5,13383.7,378543192.6
98,77,0.786,186.7,7,9615.1,226972118.8
124,55,0.444,219.4,6,7945.0,217925689.3
181,35,0.193,66.0,6,5125.9,203811854.7
228,105,0.461,175.6,6,4183.8,59657016.6
458,26,0.057,180.8,5,2110.2,59541193.8
173,15,0.087,261.0,7,5567.5,128185785.0
111,8,0.072,144.8,7,8724.7,215653672.3
58,2,0.034,195.3,6,17000.9,417095185.1
222,22,0.099,185.4,6,4502.3,52501621.0
281,6,0.021,65.7,7,3504.7,56599103.0
125,10,0.080,126.9,7,7692.1,216197858.2
229,50,0.218,130.7,6,4244.7,86467661.9
169,4,0.024,179.7,4,5755.2,84358813.9
154,2,0.013,168.8,8,6443.6,242061455.1
244,26,0.107,130.8,6,4004.4,118144183.2
356,26,0.073,212.9,5,2750.3,54814499.0
111,40,0.360,159.7,6,8895.8,157057565.3
127,32,0.252,282.4,8,7901.3,153875315.9
236,25,0.106,244.1,7,4118.2,50403449.7
231,52,0.225,130.8,5,4282.8,85963804.5
114,27,0.237,116.9,5,8800.2,168616848.5
298,12,0.040,216.4,6,3266.0,50870553.2
139,7,0.050,186.5,6,6673.6,136050694.7
136,0,0.000,245.5,4,7330.4,171038257.8
454,26,0.057,131.6,7,2198.2,10426162.1
325,108,0.332,128.0,7,2990.8,40798770.0
148,5,0.034,237.5,7,6601.3,102022467.3
293,32,0.109,282.6,6,3359.7,31542775.4
126,1,0.008,265.5,5,7849.4,252309053.6
58,36,0.621,263.4,6,16259.5,773033346.6
30,11,0.367,254.5,6,32023.6,1646785462.3
302,105,0.348,264.9,4,3201.9,123014936.7
36,2,0.056,138.4,7,27691.9,1326781808.4
28,0,0.000,201.1,5,35487.8,1006116388.4
101,8,0.079,91.1,6,9357.4,346038928.0
160,5,0.031,243.0,5,6169.1,199208444.9
182,66,0.363,178.0,6,5470.6,146276695.7
259,39,0.151,229.5,7,3849.7,40576913.9
194,8,0.041,124.0,6,5014.8,74860616.8
133,7,0.053,196.6,6,7427.4,111484434.4
520,23,0.044,297.5,5,1920.5,15346130.8
692,0,0.000,161.2,6,1446.1,6957858.7
350,13,0.037,279.8,7,2817.5,37370326.5
262,10,0.038,145.8,6,3770.7,38957345.5
170,4,0.024,184.2,6,5745.1,86015617.0
57,10,0.175,200.3,6,17147.9,322001293.4
65,29,0.446,130.2,9,14399.9,375130720.0
119,5,0.042,87.7,6,8360.5,232014594.8
127,1,0.008,87.7,7,7016.1,117078256.5
22,0,0.000,308.0,4,45787.6,392415777.0
130,30,0.231,102.1,7,7632.7,56773973.2
163,11,0.067,134.2,8,6140.0,101724076.6
323,19,0.059,94.8,6,2930.0,45156884.1
146,15,0.103,149.0,6,6816.5,130871376.4
284,91,0.320,87.7,8,3494.5,64210308.1
190,57,0.300,116.4,6,5013.1,65775654.0
434,71,0.164,75.5,8,2281.4,9720015.6
578,359,0.621,114.0,7,1731.8,13032976.2
632,524,0.829,128.7,7,1565.7,24347678.0
191,89,0.466,92.6,6,4974.5,117146373.0
196,103,0.526,133.5,6,5062.2,124214318.4
229,210,0.917,117.7,5,4145.1,120112069.8
71,38,0.535,225.4,7,13713.2,348695398.8
45,22,0.489,278.5,5,21494.8,418716818.9
51,14,0.275,220.5,6,19643.1,374698630.3
63,23,0.365,122.2,6,15363.2,395163431.3
132,22,0.167,110.0,7,7511.3,143107184.3
170,78,0.459,139.8,8,5744.3,91317349.8
46,5,0.109,227.2,8,20479.5,478539965.2
197,43,0.218,165.2,8,4973.8,93612879.5
217,28,0.129,192.3,8,4623.4,65127451.6
220,44,0.200,253.8,8,4562.3,70104803.6
446,95,0.213,165.1,8,2237.7,12913972.1
363,31,0.085,158.0,8,2758.4,21780838.9
137,33,0.241,201.4,6,6779.6,126349386.2
175,24,0.137,142.9,7,5572.3,80675913.0
190,66,0.347,193.5,8,5262.5,80531697.4
153,61,0.399,222.2,7,6530.1,128717709.1
102,40,0.392,141.7,5,9887.4,291547558.4
48,20,0.417,153.0,6,20762.6,576872913.3
186,120,0.645,156.7,6,5064.3,141255041.7
162,72,0.444,207.9,5,6100.8,136578601.5
231,42,0.182,70.1,6,4342.4,33617481.0
152,45,0.296,144.9,5,6510.2,130237871.4
98,13,0.133,207.2,7,10131.3,205284175.6
398,8,0.020,116.2,7,2474.4,39705761.6
401,27,0.067,115.7,6,2417.8,52921233.1
105,19,0.181,93.8,7,9425.0,294391998.2
261,1,0.004,72.5,7,3820.4,28711487.9
585,210,0.359,98.4,8,1700.6,8712639.6
557,4,0.007,258.9,8,1769.9,20895192.0
297,42,0.141,241.2,6,3307.2,40769876.2
940,71,0.076,125.6,6,1060.0,14330874.2
328,38,0.116,441.5,5,3002.1,57306667.0
293,7,0.024,473.0,6,3408.3,94322936.5
361,26,0.072,680.7,7,2753.3,56847169.9
696,148,0.213,508.9,7,1427.2,12538627.4
598,201,0.336,527.4,6,1643.8,14387118.8
540,133,0.246,453.1,5,1817.9,15922411.4
754,355,0.471,265.1,5,1324.7,11472361.3
746,324,0.434,248.2,6,1325.9,10968679.9
661,269,0.407,167.9,6,1492.9,12688975.2
568,268,0.472,176.4,5,1755.3,19721623.0
611,282,0.462,218.6,6,1635.8,20838070.0
742,160,0.216,252.8,7,1335.0,7800542.7
791,232,0.293,162.2,7,1251.6,8501527.0
647,138,0.213,237.6,6,1499.9,7328654.2
299,58,0.194,255.7,7,3353.2,47740647.7
282,49,0.174,508.8,6,3516.7,53575293.3
494,79,0.160,194.8,6,1997.2,17559135.8
307,147,0.479,299.0,5,3129.4,30601832.9
180,48,0.267,348.4,7,5495.1,54537958.8
199,101,0.508,561.8,5,5013.7,31768649.3
260,61,0.235,264.6,6,3836.4,49921104.3
440,49,0.111,112.1,6,2253.1,11828699.3
359,125,0.348,198.0,6,2786.8,16644129.2
304,7,0.023,166.0,5,3101.2,33689313.6
309,82,0.265,174.5,6,3218.1,38884807.7
242,77,0.318,294.6,5,4107.6,46394002.9
199,78,0.392,352.3,5,5000.6,60695472.7
346,35,0.101,181.8,6,2870.8,25275460.6
412,54,0.131,134.8,7,2411.5,12077549.2
321,56,0.174,143.8,6,3056.5,31941331.0
67,17,0.254,181.3,6,14716.7,347130714.6
47,14,0.298,276.9,6,21467.7,528290264.0
178,104,0.584,150.3,8,5624.0,95082313.9
145,24,0.166,212.5,7,6793.9,107099949.0
189,79,0.418,224.2,6,5286.3,55737346.7
668,460,0.689,158.3,7,1485.9,17592907.4
444,392,0.883,150.9,5,2098.9,44756568.9
712,373,0.524,109.6,5,1386.3,9739949.2
569,347,0.610,122.3,4,1737.9,18297159.2
420,294,0.700,191.9,7,2348.9,41149541.1
369,243,0.659,116.8,6,2703.0,42273629.3
453,224,0.494,153.3,5,2201.7,33689610.7
358,262,0.732,152.0,6,2756.3,35077927.8
694,272,0.392,120.2,7,1427.7,9260351.9
775,357,0.461,127.7,6,1291.2,7446694.7
576,301,0.523,137.3,6,1738.5,14030065.4
405,181,0.447,234.8,4,2469.5,23414497.9
459,343,0.747,215.3,6,2106.9,29043718.2
256,200,0.781,183.9,6,3872.8,63358645.9
253,174,0.688,238.1,5,3938.2,53679128.0
102,26,0.255,152.5,5,9659.0,134799487.7
188,121,0.644,199.0,5,5266.4,112541081.0
32,8,0.250,225.2,4,29728.3,565117378.1
226,37,0.164,86.7,5,4335.1,28732387.0
286,67,0.234,149.9,7,3435.4,32025587.2
62,31,0.500,159.3,5,15797.9,437966663.3
154,30,0.195,125.6,4,6510.4,132122563.8
140,45,0.321,145.3,7,7067.6,133745677.2
83,12,0.145,166.1,4,11999.7,238970780.8
309,21,0.068,82.6,6,3228.1,32351815.4
249,19,0.076,78.0,6,3906.0,47089725.4
150,29,0.193,165.6,5,6637.3,126401726.7
38,13,0.342,206.5,7,25651.5,606334111.8
74,48,0.649,168.0,4,13059.7,401213426.4
40,23,0.575,155.9,4,23628.7,668892626.2
36,9,0.250,206.2,6,28453.9,554072137.0
41,6,0.146,177.1,6,23922.0,454965312.0
47,22,0.468,184.5,5,21242.7,394642283.1
70,14,0.200,153.1,8,13859.6,425202818.3
244,32,0.131,69.5,7,4113.9,43946784.8
163,39,0.239,171.9,7,6076.3,88153078.8
73,38,0.521,125.9,6,13426.4,267845968.2
98,4,0.041,126.0,5,10291.9,261982276.1
223,96,0.430,91.5,6,4416.5,115500068.0
141,70,0.496,503.1,5,7064.7,157518288.8
238,9,0.038,68.3,6,4195.8,27005825.0
235,6,0.026,79.2,7,4207.2,61586205.8
286,221,0.773,167.6,4,3413.3,68819309.2
134,113,0.843,172.5,4,7434.3,219106442.7
189,168,0.889,171.7,3,4891.7,185310600.5
78,56,0.718,261.3,3,12528.8,247783872.7
275,231,0.840,145.0,6,3583.5,48989086.4
77,56,0.727,249.8,4,12146.7,269617139.3
161,142,0.882,177.4,4,6061.0,140183485.4
147,119,0.810,383.2,5,6733.2,125434205.3
237,30,0.127,85.2,5,4157.8,38199511.1
489,362,0.740,138.3,6,2017.8,29353834.2
59,35,0.593,311.0,5,16378.5,285289112.0
216,110,0.509,190.4,3,4603.8,66272358.7
229,131,0.572,182.0,5,4339.6,84273177.0
363,223,0.614,192.9,5,2737.6,32039719.6
435,105,0.241,116.7,7,2278.2,21689972.6
718,473,0.659,98.8,6,1379.4,11308469.4
534,413,0.773,119.2,6,1839.1,43125366.0
186,156,0.839,200.4,5,5256.3,108703055.6
118,93,0.788,194.7,5,8466.3,224000658.0
169,87,0.515,185.5,6,5822.4,139151363.6
65,25,0.385,177.4,6,15147.6,376385477.7
39,17,0.436,426.3,4,25302.1,517292329.0
45,18,0.400,206.9,4,22577.8,516373884.4
138,110,0.797,252.1,5,7114.3,211244229.5
275,75,0.273,113.6,6,3596.1,37468096.3
167,14,0.084,76.1,6,5751.2,113664759.6
186,14,0.075,89.6,7,5074.2,134707558.4
260,26,0.100,92.9,7,3799.9,51194185.0
191,2,0.010,74.9,6,5074.2,126346843.7
101,4,0.040,122.1,6,9648.1,233124970.7
356,34,0.096,119.2,8,2780.0,17832044.3
668,15,0.022,205.1,8,1488.2,6029936.2
219,2,0.009,225.5,6,4491.3,105354678.9
84,20,0.238,250.5,5,11529.1,375654280.4
80,52,0.650,188.6,5,12136.2,298700860.0
66,38,0.576,156.9,6,15223.7,490050191.6
59,29,0.492,150.2,7,15875.0,493877848.2
67,41,0.612,294.0,7,14511.3,600393332.2
71,31,0.437,241.0,8,13656.5,325251123.5
446,350,0.785,166.6,5,2123.6,48124612.9
462,271,0.587,216.5,7,2146.2,25933937.7
632,475,0.752,158.0,6,1583.1,31835527.1
414,382,0.923,206.1,5,2406.5,34531179.3
548,344,0.628,159.2,5,1764.3,14745868.5
314,216,0.688,178.4,6,3150.7,36671885.6
309,225,0.728,158.1,6,3208.7,37891115.4
493,296,0.600,146.9,6,2022.6,11187717.8
474,244,0.515,313.4,6,2096.2,22739082.1
294,111,0.378,91.5,7,3250.1,51821929.9
223,29,0.130,203.5,6,4449.1,129572599.7
265,83,0.313,181.5,6,3687.3,49335355.5
109,67,0.615,382.3,6,8962.6,291200973.4
131,84,0.641,376.2,6,7625.0,165826796.8
137,51,0.372,250.3,5,7113.7,240171358.2
149,121,0.812,220.3,4,6577.1,187798207.0
57,35,0.614,288.4,4,17041.5,476478847.7
300,27,0.090,68.3,5,3109.2,28664474.8
136,36,0.265,206.7,4,7262.5,137765008.6
145,121,0.834,1073.5,4,6680.3,242857572.3
137,41,0.299,85.6,5,7082.3,157631065.2
98,22,0.224,92.3,5,10145.4,268872006.4
78,14,0.179,111.5,5,12726.1,299998028.2
163,7,0.043,88.6,5,6109.7,59159932.1
353,1,0.003,66.7,6,2817.9,38009616.5
99,0,0.000,112.7,5,9619.9,268067955.4
43,1,0.023,179.3,5,23702.5,853857856.2
50,21,0.420,157.7,4,19320.9,457841179.7
38,7,0.184,201.6,6,26009.6,519317603.2
40,3,0.075,161.3,7,23672.6,671619036.1
44,1,0.023,278.6,7,23069.1,605194792.2
78,42,0.538,366.4,5,11895.7,309376628.0
208,154,0.740,136.3,6,4654.2,131970447.5
373,158,0.424,107.7,6,2662.2,16088437.1
306,188,0.614,120.3,4,3210.4,61388410.0
480,414,0.863,122.0,4,1927.9,47029229.2
249,122,0.490,87.8,4,3827.7,90006578.1
137,7,0.051,121.2,4,7258.3,203348078.3
84,6,0.071,127.5,5,11769.5,332282736.3
471,195,0.414,86.5,6,2093.3,22115932.3
361,118,0.327,93.5,5,2708.7,34927707.2
225,148,0.658,118.5,4,4347.3,99642817.1
167,141,0.844,123.4,5,5822.9,169079183.3
32,3,0.094,234.2,4,32020.0,728990543.8
32,8,0.250,211.3,5,29727.9,539688278.8
34,0,0.000,221.1,4,29248.2,696264022.3
46,16,0.348,180.3,5,21176.6,497289181.8
127,102,0.803,208.4,4,7321.9,201341045.6
43,18,0.419,294.9,4,22181.5,547901073.8
31,1,0.032,233.3,5,32231.6,622461823.4
88,7,0.080,124.2,7,10952.7,373321719.9
134,19,0.142,96.4,5,6978.0,240398883.5
105,6,0.057,105.6,5,8931.1,194716317.6
83,0,0.000,118.4,4,11725.3,371282660.9
81,4,0.049,168.8,6,12024.0,353622453.6
307,48,0.156,87.8,6,3224.7,22034304.8
284,28,0.099,85.5,7,3329.3,39418081.6
323,245,0.759,154.0,5,3049.3,60577859.9
395,344,0.871,147.5,5,2426.9,55668992.1
161,88,0.547,158.2,6,5605.7,138448099.9
453,419,0.925,157.3,6,2199.9,40577553.1
128,102,0.797,176.7,6,7509.4,252151193.9
252,184,0.730,128.3,5,3669.3,73370355.2
99,66,0.667,136.2,5,9702.7,292034939.7
54,3,0.056,140.7,4,17438.2,560725541.3
153,9,0.059,84.2,7,6298.5,97430784.4
59,8,0.136,137.4,6,16205.9,388476978.6
142,95,0.669,662.8,5,6904.7,239106127.0
106,21,0.198,144.1,4,8911.0,222780457.3
138,49,0.355,164.2,4,7211.4,174407253.0
223,92,0.413,201.2,7,4469.5,74703696.4
454,190,0.419,102.2,7,2199.6,18616117.4
268,43,0.160,65.0,7,3678.7,40910529.1
151,42,0.278,186.7,5,6513.4,195620818.9
101,21,0.208,179.7,4,9693.8,195097807.5
90,9,0.100,226.4,5,10913.2,182505746.7
49,8,0.163,282.9,6,19991.1,424418842.0
282,26,0.092,208.1,7,3535.0,66455918.5
90,15,0.167,466.6,6,11047.5,305542249.2
219,39,0.178,203.1,7,4489.6,68356108.5
146,18,0.123,244.3,6,6585.1,126585017.1
179,1,0.006,136.1,7,5468.7,78560597.2
229,91,0.397,252.9,6,4257.5,49835538.5
103,36,0.350,254.0,7,9539.0,192428394.7
712,609,0.855,113.7,5,1347.0,12831129.6
211,130,0.616,124.7,5,4670.9,127860419.1
96,35,0.365,277.9,6,10356.1,270306217.5
306,51,0.167,94.2,7,3242.8,24171119.8
271,16,0.059,68.5,6,3668.7,48059178.9
80,19,0.237,109.6,5,12351.0,415426779.8
158,86,0.544,196.1,4,5870.0,140804593.8
68,44,0.647,157.2,3,14222.4,461672450.1
155,127,0.819,290.0,4,6342.3,152253931.6
275,243,0.884,233.2,4,3455.7,98740460.3
257,172,0.669,185.0,5,3861.7,47433627.7
232,121,0.522,111.1,6,4129.6,35776000.5
183,93,0.508,214.6,6,5375.6,89406243.0
194,66,0.340,162.8,6,4961.1,72532518.9
291,167,0.574,227.0,5,3437.1,73113161.1
313,278,0.888,156.2,6,3058.8,47128382.8
